1/17/14 7:31,31,36.07072275,24.8951872
1/17/14 7:31,31,36.07066761,24.8951505
1/17/14 7:31,31,36.07048193,24.89516291
1/17/14 7:31,31,36.07047398,24.89514889
1/17/14 7:31,31,36.07035037,24.89512457
1/17/14 7:31,31,36.07002838,24.8952173
1/17/14 7:31,31,36.07000401,24.89512696
1/17/14 7:31,31,36.06984245,24.89525369
1/17/14 7:31,31,36.06976226,24.89525914
1/17/14 7:31,31,36.06975352,24.89524023
1/17/14 7:31,31,36.06966815,24.89524554
1/17/14 7:31,31,36.06953361,24.89520525
1/17/14 7:31,31,36.06959806,24.89500311
1/17/14 7:31,31,36.06957086,24.89489291
1/17/14 7:31,31,36.06952622,24.89480209
1/17/14 7:31,31,36.06956777,24.89478026
1/17/14 7:31,31,36.06959771,24.89476722
1/17/14 7:31,31,36.06956113,24.89462463
1/17/14 7:31,31,36.06956569,24.89450794
1/17/14 7:31,31,36.06948461,24.89417827
1/17/14 7:31,31,36.06949411,24.89416968
1/17/14 7:31,31,36.06955285,24.89400909
1/17/14 7:31,31,36.06946701,24.89386243
1/17/14 7:31,31,36.06955453,24.89392836
1/17/14 7:31,31,36.06943884,24.89377284
1/17/14 7:31,31,36.0695467,24.89366807
1/17/14 7:31,31,36.06956301,24.89352769
1/17/14 7:32,31,36.06956859,24.893247
1/17/14 7:32,31,36.06960273,24.89306989
1/17/14 7:32,31,36.06949041,24.89298478
1/17/14 7:32,31,36.06957088,24.89298395
1/17/14 7:32,31,36.06954583,24.89287424
1/17/14 7:32,31,36.06956342,24.8927834
1/17/14 7:32,31,36.06957853,24.89271117
1/17/14 7:32,31,36.06959342,24.89265062
1/17/14 7:32,31,36.06966393,24.89247015
1/17/14 7:32,31,36.06957455,24.89249202
1/17/14 7:32,31,36.06967501,24.89243766
1/17/14 7:32,31,36.06961559,24.89233765
1/17/14 7:32,31,36.06968272,24.89198656
1/17/14 7:32,31,36.06968336,24.89203444
1/17/14 7:32,31,36.0696501,24.89187946
1/17/14 7:32,31,36.06968584,24.89178127
1/17/14 7:32,31,36.06964211,24.89182116
1/17/14 7:32,31,36.06965104,24.8915869
1/17/14 7:32,31,36.06967952,24.89148081
1/17/14 7:32,31,36.06971776,24.89141989
1/17/14 7:32,31,36.0696256,24.89137469
1/17/14 7:32,31,36.06962398,24.89125947
1/17/14 7:32,31,36.06943751,24.89088453
1/17/14 7:32,31,36.06944343,24.89077746
1/17/14 7:32,31,36.06944547,24.89070821
1/17/14 7:32,31,36.06931655,24.89064402
1/17/14 7:32,31,36.0693468,24.89061097
1/17/14 7:33,31,36.0692898,24.89043977
1/17/14 7:33,31,36.06931513,24.89037584
1/17/14 7:33,31,36.06928221,24.89030661
1/17/14 7:33,31,36.06926273,24.89030363
1/17/14 7:33,31,36.06933714,24.88993265
1/17/14 7:33,31,36.06926617,24.88992464
1/17/14 7:33,31,36.06928834,24.88976894
1/17/14 7:33,31,36.06931984,24.88978057
1/17/14 7:33,31,36.06926438,24.88966676
1/17/14 7:33,31,36.06933346,24.88960206
1/17/14 7:33,31,36.06925709,24.88947045
1/17/14 7:33,31,36.06925893,24.88941607
1/17/14 7:33,31,36.06923211,24.88932209
1/17/14 7:33,31,36.06932382,24.88926661
1/17/14 7:33,31,36.06929927,24.88900026
1/17/14 7:33,31,36.06923356,24.88885983
1/17/14 7:33,31,36.0692106,24.88861897
1/17/14 7:33,31,36.069304,24.88865178
1/17/14 7:33,31,36.06920456,24.88852433
1/17/14 7:33,31,36.06928332,24.88847152
1/17/14 7:33,31,36.06925036,24.88840529
1/17/14 7:33,31,36.06925532,24.88836958
1/17/14 7:33,31,36.06919649,24.88819966
1/17/14 7:33,31,36.06921504,24.88819445
1/17/14 7:33,31,36.06919003,24.88808023
1/17/14 7:33,31,36.06921003,24.88802538
1/17/14 7:33,31,36.06920146,24.8878812
1/17/14 7:33,31,36.06920666,24.88778864
1/17/14 7:33,31,36.06916718,24.88777383
1/17/14 7:33,31,36.06921357,24.8877277
1/17/14 7:33,31,36.06914442,24.88756109
1/17/14 7:34,31,36.06921904,24.88749969
1/17/14 7:34,31,36.06913685,24.88737982
1/17/14 7:34,31,36.06916044,24.88733222
1/17/14 7:34,31,36.06916459,24.88734555
1/17/14 7:34,31,36.06922541,24.88732864
1/17/14 7:34,31,36.06915103,24.88717534
1/17/14 7:34,31,36.06919715,24.88707688
1/17/14 7:34,31,36.06917245,24.88705877
1/17/14 7:34,31,36.06919487,24.88690413
1/17/14 7:34,31,36.06913846,24.88687957
1/17/14 7:34,31,36.06922327,24.88673284
1/17/14 7:34,31,36.06920835,24.88632947
1/17/14 7:34,31,36.06921692,24.88634599
1/17/14 7:34,31,36.06920576,24.88628328
1/17/14 7:34,31,36.06914972,24.88616222
1/17/14 7:34,31,36.06914143,24.88604523
1/17/14 7:34,31,36.06921206,24.88606726
1/17/14 7:34,31,36.0691955,24.88595261
1/17/14 7:34,31,36.06913436,24.88591816
1/17/14 7:34,31,36.06910213,24.88590539
1/17/14 7:34,31,36.06908547,24.88596414
1/17/14 7:34,31,36.06887177,24.88594386
1/17/14 7:34,31,36.06882856,24.88590691
1/17/14 7:34,31,36.06884214,24.88589675
1/17/14 7:34,31,36.0686985,24.88589134
1/17/14 7:34,31,36.06857837,24.88590908
1/17/14 7:34,31,36.0684491,24.88590432
1/17/14 7:34,31,36.06830019,24.88588376
1/17/14 7:34,31,36.06827669,24.88597041
1/17/14 7:34,31,36.06825972,24.8859238
1/17/14 7:34,31,36.06813606,24.88593228
1/17/14 7:34,31,36.06814319,24.88592206
1/17/14 7:34,31,36.06804999,24.8859462
1/17/14 7:34,31,36.06797207,24.88592214
1/17/14 7:34,31,36.06790177,24.88590334
1/17/14 7:35,31,36.06766683,24.88595269
1/17/14 7:35,31,36.06749724,24.88592108
1/17/14 7:35,31,36.06749546,24.88595414
1/17/14 7:35,31,36.06742151,24.88592087
1/17/14 7:35,31,36.06714242,24.8859551
1/17/14 7:35,31,36.06713732,24.88588682
1/17/14 7:35,31,36.06698362,24.88590902
1/17/14 7:35,31,36.06695174,24.88587535
1/17/14 7:35,31,36.06652614,24.88594075
1/17/14 7:35,31,36.0664802,24.88588069
1/17/14 7:35,31,36.06642349,24.88597377
1/17/14 7:35,31,36.06639782,24.88587489
1/17/14 7:35,31,36.06620846,24.88593397
1/17/14 7:35,31,36.06606729,24.88594533
1/17/14 7:35,31,36.06597619,24.88589759
1/17/14 7:35,31,36.06589518,24.88595092
1/17/14 7:35,31,36.06573119,24.88588285
1/17/14 7:35,31,36.0657329,24.88593939
1/17/14 7:35,31,36.06550866,24.88593522
1/17/14 7:35,31,36.06531156,24.88593087
1/17/14 7:35,31,36.06519258,24.88588668
1/17/14 7:35,31,36.06518035,24.88591357
1/17/14 7:35,31,36.06478736,24.88585673
1/17/14 7:36,31,36.06473046,24.88587999
1/17/14 7:36,31,36.06466229,24.88586187
1/17/14 7:36,31,36.06463365,24.88590387
1/17/14 7:36,31,36.06463375,24.88592044
1/17/14 7:36,31,36.06455778,24.88586257
1/17/14 7:36,31,36.06452998,24.88594435
1/17/14 7:36,31,36.06447762,24.88591078
1/17/14 7:36,31,36.06442697,24.88586687
1/17/14 7:36,31,36.06430976,24.88593495
1/17/14 7:36,31,36.064233,24.88590341
1/17/14 7:36,31,36.06422751,24.88590369
1/17/14 7:36,31,36.06400595,24.88592451
1/17/14 7:36,31,36.06393898,24.88593926
1/17/14 7:36,31,36.06386961,24.88589101
1/17/14 7:36,31,36.0638411,24.88590074
1/17/14 7:36,31,36.06365581,24.88593598
1/17/14 7:36,31,36.06364998,24.88586863
1/17/14 7:36,31,36.06367446,24.88592916
1/17/14 7:59,31,36.06371539,24.88586737
1/17/14 7:59,31,36.06362347,24.88592625
1/17/14 7:59,31,36.06347417,24.88593308
1/17/14 7:59,31,36.06324999,24.8859168
1/17/14 7:59,31,36.06317305,24.88592297
1/17/14 7:59,31,36.06316504,24.88589536
1/17/14 7:59,31,36.0630444,24.88589888
1/17/14 7:59,31,36.06292343,24.88592678
1/17/14 7:59,31,36.06295812,24.88588751
1/17/14 7:59,31,36.06284642,24.88590419
1/17/14 7:59,31,36.06279121,24.88588442
1/17/14 7:59,31,36.06276487,24.88586117
1/17/14 7:59,31,36.06246801,24.88582924
1/17/14 7:59,31,36.06239216,24.88576442
1/17/14 7:59,31,36.0623163,24.8857802
1/17/14 7:59,31,36.06231222,24.88570377
1/17/14 7:59,31,36.06225335,24.88573011
1/17/14 7:59,31,36.06220874,24.88568552
1/17/14 7:59,31,36.06218274,24.88573291
1/17/14 7:59,31,36.06207173,24.885657
1/17/14 7:59,31,36.06208651,24.88568591
1/17/14 7:59,31,36.06201641,24.88564273
1/17/14 7:59,31,36.06192714,24.88562548
1/17/14 7:59,31,36.06191416,24.88570175
1/17/14 7:59,31,36.06185398,24.88566258
1/17/14 7:59,31,36.06184104,24.88560348
1/17/14 7:59,31,36.06162206,24.88558655
1/17/14 7:59,31,36.06164211,24.88557594
1/17/14 7:59,31,36.06156729,24.88558018
1/17/14 7:59,31,36.0615303,24.88553646
1/17/14 7:59,31,36.06156426,24.88542812
1/17/14 7:59,31,36.06155264,24.88535026
1/17/14 7:59,31,36.0615558,24.88530258
1/17/14 7:59,31,36.06154594,24.88525996
1/17/14 7:59,31,36.06156936,24.88516821
1/17/14 7:59,31,36.06158829,24.88514076
1/17/14 7:59,31,36.06155575,24.88508196
1/17/14 7:59,31,36.06156353,24.8850731
1/17/14 7:59,31,36.06152638,24.88496799
1/17/14 7:59,31,36.061592,24.88493209
1/17/14 7:59,31,36.06157912,24.88486974
1/17/14 7:59,31,36.0615302,24.88481292
1/17/14 8:00,31,36.06159763,24.88477382
1/17/14 8:00,31,36.06159894,24.88468037
1/17/14 8:00,31,36.06152884,24.88469224
1/17/14 8:00,31,36.06158922,24.88454339
1/17/14 8:00,31,36.06158091,24.88442612
1/17/14 8:00,31,36.06156202,24.88421736
1/17/14 8:00,31,36.06158782,24.88402299
1/17/14 8:00,31,36.06152523,24.88402
1/17/14 8:00,31,36.06142893,24.88403922
1/17/14 8:00,31,36.06140814,24.88403079
1/17/14 8:00,31,36.0612869,24.8839706
1/17/14 8:00,31,36.06120167,24.88399522
1/17/14 8:00,31,36.06116582,24.88400868
1/17/14 8:00,31,36.06109649,24.88402439
1/17/14 8:00,31,36.06101371,24.88401736
1/17/14 8:00,31,36.06092375,24.88402416
1/17/14 8:00,31,36.06089076,24.88400967
1/17/14 8:00,31,36.06089844,24.88398477
1/17/14 8:00,31,36.0607786,24.88403664
1/17/14 8:00,31,36.06075331,24.88404381
1/17/14 8:00,31,36.06078452,24.88388729
1/17/14 8:00,31,36.06077187,24.88382575
1/17/14 8:00,31,36.06076489,24.88382552
1/17/14 8:00,31,36.06073183,24.88375809
1/17/14 8:00,31,36.06071687,24.88369556
1/17/14 8:00,31,36.06072966,24.8835993
1/17/14 8:00,31,36.06076038,24.88352095
1/17/14 8:00,31,36.06074363,24.8834928
1/17/14 8:00,31,36.06070234,24.8833453
1/17/14 8:00,31,36.06070537,24.88327641
1/17/14 8:00,31,36.06073609,24.88327073
1/17/14 8:00,31,36.0607094,24.88322443
1/17/14 8:00,31,36.06071922,24.88319718
1/17/14 8:00,31,36.06072875,24.8830843
1/17/14 8:00,31,36.06069222,24.8830249
1/17/14 8:00,31,36.06067253,24.88294816
1/17/14 8:00,31,36.06066189,24.88283996
1/17/14 8:00,31,36.06069573,24.8827358
1/17/14 8:00,31,36.06064215,24.88264868
1/17/14 8:01,31,36.06061298,24.88250167
1/17/14 8:01,31,36.06058643,24.88250218
1/17/14 8:01,31,36.06049037,24.88250398
1/17/14 8:01,31,36.06039632,24.88245981
1/17/14 8:01,31,36.06035285,24.88248598
1/17/14 8:01,31,36.06023369,24.88248673
1/17/14 8:01,31,36.06016431,24.88244045
1/17/14 8:01,31,36.06014701,24.88249168
1/17/14 8:01,31,36.05994553,24.88249289
1/17/14 8:01,31,36.05990311,24.88245793
1/17/14 8:01,31,36.05979226,24.88246772
1/17/14 8:01,31,36.05969649,24.88245956
1/17/14 8:01,31,36.05966455,24.88250905
1/17/14 8:01,31,36.05958868,24.88246392
1/17/14 8:01,31,36.05947463,24.88250683
1/17/14 8:01,31,36.05940103,24.88248728
1/17/14 8:01,31,36.05930467,24.88249448
1/17/14 8:01,31,36.05929593,24.88251684
1/17/14 8:01,31,36.05923681,24.88248339
1/17/14 8:01,31,36.05908902,24.8824704
1/17/14 8:01,31,36.05908446,24.88252098
1/17/14 8:01,31,36.0589246,24.88252382
1/17/14 8:01,31,36.05888074,24.88247668
1/17/14 8:01,31,36.05882393,24.88246591
1/17/14 8:01,31,36.05877305,24.88250863
1/17/14 8:01,31,36.05874002,24.88250855
1/17/14 8:01,31,36.05859339,24.88250722
1/17/14 8:01,31,36.05850165,24.88247285
1/17/14 8:01,31,36.05848104,24.88247537
1/17/14 8:01,31,36.05842457,24.88249615
1/17/14 8:01,31,36.05835318,24.88250176
1/17/14 8:01,31,36.05831441,24.88249245
1/17/14 8:01,31,36.05830351,24.88245375
1/17/14 8:01,31,36.058226,24.88244759
1/17/14 8:01,31,36.05813066,24.88247573
1/17/14 8:01,31,36.05809631,24.88246959
1/17/14 8:01,31,36.05804346,24.88244847
1/17/14 8:01,31,36.05790455,24.88241514
1/17/14 8:01,31,36.05777586,24.88244229
1/17/14 8:02,31,36.0576667,24.8824047
1/17/14 8:02,31,36.05760858,24.88237697
1/17/14 8:02,31,36.05758781,24.88242587
1/17/14 8:02,31,36.05755341,24.88242525
1/17/14 8:02,31,36.05745189,24.88237513
1/17/14 8:02,31,36.05741215,24.88240537
1/17/14 8:02,31,36.05736215,24.88240513
1/17/14 8:02,31,36.05730303,24.882429
1/17/14 8:02,31,36.05717064,24.88244998
1/17/14 8:02,31,36.05711354,24.88246766
1/17/14 8:02,31,36.05709779,24.88246596
1/17/14 8:02,31,36.0570053,24.88242396
1/17/14 8:02,31,36.05696146,24.88245524
1/17/14 8:02,31,36.05690748,24.88245002
1/17/14 8:02,31,36.05680456,24.88250429
1/17/14 8:02,31,36.05667143,24.88246202
1/17/14 8:02,31,36.0566508,24.88247861
1/17/14 8:02,31,36.05659325,24.88248301
1/17/14 8:02,31,36.0564811,24.88247667
1/17/14 8:02,31,36.05641776,24.88250719
1/17/14 8:02,31,36.0562527,24.88248221
1/17/14 8:02,31,36.05611401,24.88249815
1/17/14 8:02,31,36.05606664,24.88248408
1/17/14 8:02,31,36.05602575,24.88249617
1/17/14 8:02,31,36.05595975,24.88251212
1/17/14 8:02,31,36.05590439,24.88250485
1/17/14 8:02,31,36.05584582,24.88248142
1/17/14 8:02,31,36.05580252,24.88247715
1/17/14 8:02,31,36.05574739,24.8824778
1/17/14 8:02,31,36.05567127,24.88251101
1/17/14 8:02,31,36.05561507,24.88249426
1/17/14 8:02,31,36.05559722,24.88247529
1/17/14 8:02,31,36.05551682,24.88249359
1/17/14 8:02,31,36.05550987,24.88249892
1/17/14 8:02,31,36.05538889,24.88247825
1/17/14 8:02,31,36.05532948,24.88249501
1/17/14 8:02,31,36.05529572,24.88248001
1/17/14 8:02,31,36.05521044,24.88247384
1/17/14 8:02,31,36.05512354,24.88248304
1/17/14 8:02,31,36.05507822,24.88251411
1/17/14 8:02,31,36.05503321,24.88248759
1/17/14 8:02,31,36.05500271,24.88247041
1/17/14 8:02,31,36.05495495,24.88251278
1/17/14 8:02,31,36.05483964,24.88249332
1/17/14 8:02,31,36.05476541,24.88247442
1/17/14 8:03,31,36.05473604,24.88251134
1/17/14 8:03,31,36.0546725,24.88249922
1/17/14 8:03,31,36.05465742,24.88251101
1/17/14 8:03,31,36.05460687,24.8824922
1/17/14 8:03,31,36.05453454,24.88247503
1/17/14 8:03,31,36.05450862,24.88248026
1/17/14 8:03,31,36.05444249,24.88249041
1/17/14 8:03,31,36.05436995,24.88249318
1/17/14 8:03,31,36.05435579,24.88250295
1/17/14 8:03,31,36.05430569,24.882469
1/17/14 8:03,31,36.05424901,24.88250537
1/17/14 8:03,31,36.05416703,24.88247551
1/17/14 8:03,31,36.05411866,24.88249274
1/17/14 8:03,31,36.05410094,24.88250983
1/17/14 8:03,31,36.05402784,24.88248924
1/17/14 8:03,31,36.0539883,24.88248837
1/17/14 8:03,31,36.05395862,24.88250653
1/17/14 8:03,31,36.05387572,24.88249265
1/17/14 8:03,31,36.05382288,24.88247789
1/17/14 8:03,31,36.05374899,24.8825049
1/17/14 8:03,31,36.0537048,24.88247843
1/17/14 8:03,31,36.05361771,24.88248141
1/17/14 8:03,31,36.05358615,24.88250012
1/17/14 8:03,31,36.05350187,24.88250202
1/17/14 8:03,31,36.05344419,24.88247904
1/17/14 8:03,31,36.05337981,24.88250451
1/17/14 8:03,31,36.05329434,24.88250006
1/17/14 8:03,31,36.05319187,24.88246852
1/17/14 8:03,31,36.0531497,24.88246818
1/17/14 8:03,31,36.05307128,24.88248074
1/17/14 8:03,31,36.05302147,24.8824654
1/17/14 8:03,31,36.05300308,24.88247256
1/17/14 8:03,31,36.05292809,24.88247379
1/17/14 8:03,31,36.05283374,24.88247856
1/17/14 8:03,31,36.05282788,24.88241515
1/17/14 8:03,31,36.05281515,24.88237817
1/17/14 8:03,31,36.05282927,24.88229994
1/17/14 8:03,31,36.05281326,24.88224193
1/17/14 8:03,31,36.05282041,24.88217701
1/17/14 8:03,31,36.05281268,24.88213374
1/17/14 8:03,31,36.05279915,24.88209198
1/17/14 8:03,31,36.05280479,24.88205102
1/17/14 8:03,31,36.05278398,24.88198435
1/17/14 8:03,31,36.05280965,24.88195338
1/17/14 8:03,31,36.05277415,24.88182245
1/17/14 8:03,31,36.05277557,24.88180225
1/17/14 8:03,31,36.05278475,24.88173172
1/17/14 8:03,31,36.05279631,24.88169759
1/17/14 8:03,31,36.05279254,24.8816194
1/17/14 8:03,31,36.05278218,24.88159676
1/17/14 8:03,31,36.0527629,24.88155282
1/17/14 8:03,31,36.05275871,24.88148858
1/17/14 8:03,31,36.05277264,24.88142784
1/17/14 8:04,31,36.05274243,24.88133674
1/17/14 8:04,31,36.05273564,24.88123789
1/17/14 8:04,31,36.05269017,24.8811589
1/17/14 8:04,31,36.05263327,24.88116336
1/17/14 8:04,31,36.05260854,24.88113144
1/17/14 8:04,31,36.05256999,24.88115514
1/17/14 8:04,31,36.05251061,24.88111275
1/17/14 8:04,31,36.05245025,24.88110187
1/17/14 8:04,31,36.05240399,24.88110326
1/17/14 8:04,31,36.05236416,24.88108582
1/17/14 8:04,31,36.05230855,24.88106635
1/17/14 8:04,31,36.0522698,24.88106883
1/17/14 8:04,31,36.05222933,24.88105887
1/17/14 8:04,31,36.05217643,24.88105473
1/17/14 8:04,31,36.05212294,24.88103239
1/17/14 8:04,31,36.05205774,24.8810129
1/17/14 8:04,31,36.05201363,24.88100737
1/17/14 8:04,31,36.05195936,24.8809848
1/17/14 8:04,31,36.05193787,24.88096544
1/17/14 8:04,31,36.05192494,24.88091178
1/17/14 8:04,31,36.0519373,24.88081425
1/17/14 8:04,31,36.05195034,24.88076536
1/17/14 8:04,31,36.05193594,24.88070953
1/17/14 8:04,31,36.05193852,24.88067332
1/17/14 8:04,31,36.05195063,24.88061724
1/17/14 8:04,31,36.05193967,24.88056722
1/17/14 8:04,31,36.05194377,24.88050425
1/17/14 8:04,31,36.05193197,24.88046843
1/17/14 8:04,31,36.05194231,24.88041771
1/17/14 8:04,31,36.05194672,24.88035989
1/17/14 8:04,31,36.05194255,24.88032507
1/17/14 8:04,31,36.05193098,24.88025299
1/17/14 8:04,31,36.05192434,24.88018168
1/17/14 8:04,31,36.0519388,24.88006369
1/17/14 8:04,31,36.05192672,24.88001303
1/17/14 8:04,31,36.05194183,24.87996742
1/17/14 8:04,31,36.05194058,24.87990948
1/17/14 8:04,31,36.05194053,24.87986565
1/17/14 8:04,31,36.0519469,24.8797632
1/17/14 8:04,31,36.05195048,24.87966344
1/17/14 8:04,31,36.05193049,24.87963119
1/17/14 8:04,31,36.05193254,24.87957182
1/17/14 8:04,31,36.05183688,24.87958914
1/17/14 8:04,31,36.05176564,24.879574
1/17/14 8:04,31,36.0517254,24.8795655
1/17/14 8:04,31,36.05167255,24.87957073
1/17/14 8:04,31,36.05162491,24.87956758
1/17/14 8:04,31,36.05156451,24.87957589
1/17/14 8:04,31,36.05147993,24.87959445
1/17/14 8:04,31,36.05141253,24.87957717
1/17/14 8:05,31,36.05138183,24.87956762
1/17/14 8:05,31,36.05133157,24.87958851
1/17/14 8:05,31,36.05128712,24.87956982
1/17/14 8:05,31,36.05118931,24.87958343
1/17/14 8:05,31,36.05113409,24.87958725
1/17/14 8:05,31,36.05108344,24.8795855
1/17/14 8:05,31,36.05103445,24.87957091
1/17/14 8:05,31,36.05098231,24.87957367
1/17/14 8:05,31,36.05091482,24.87958805
1/17/14 8:05,31,36.05087086,24.8795656
1/17/14 8:05,31,36.05083504,24.87958813
1/17/14 8:05,31,36.05078715,24.87957846
1/17/14 8:05,31,36.05073432,24.87957382
1/17/14 8:05,31,36.05068278,24.87957352
1/17/14 8:05,31,36.05062359,24.87958584
1/17/14 8:05,31,36.05057485,24.87958872
1/17/14 8:05,31,36.05051684,24.87956808
1/17/14 8:05,31,36.05046962,24.87958397
1/17/14 8:05,31,36.05032781,24.87957462
1/17/14 8:05,31,36.05027418,24.87957822
1/17/14 8:05,31,36.05023111,24.87957629
1/17/14 8:05,31,36.05016883,24.87956579
1/17/14 8:05,31,36.05012859,24.8795721
1/17/14 8:05,31,36.05006929,24.87957167
1/17/14 8:05,31,36.05002112,24.87956994
1/17/14 8:05,31,36.04997508,24.87957953
1/17/14 8:05,31,36.04992366,24.87957827
1/17/14 8:05,31,36.04988002,24.87957834
1/17/14 8:05,31,36.0498259,24.87957005
1/17/14 8:05,31,36.04977068,24.87956815
1/17/14 8:05,31,36.04971675,24.87958461
1/17/14 8:05,31,36.04968006,24.87958093
1/17/14 8:05,31,36.04961731,24.87958384
1/17/14 8:05,31,36.04957285,24.87958478
1/17/14 8:05,31,36.04951921,24.87957612
1/17/14 8:05,31,36.04947357,24.87957015
1/17/14 8:05,31,36.0494221,24.87957112
1/17/14 8:05,31,36.04932826,24.87958322
1/17/14 8:05,31,36.04927658,24.87958184
1/17/14 8:05,31,36.04922876,24.8795714
1/17/14 8:05,31,36.04917297,24.87958208
1/17/14 8:05,31,36.04912194,24.87956889
1/17/14 8:05,31,36.04907017,24.87956594
1/17/14 8:05,31,36.04903022,24.87957629
1/17/14 8:05,31,36.04897035,24.87957915
1/17/14 8:05,31,36.04892799,24.87956534
1/17/14 8:05,31,36.04886995,24.87956543
1/17/14 8:05,31,36.0488244,24.87957359
1/17/14 8:05,31,36.04877106,24.8795651
1/17/14 8:05,31,36.048725,24.8795744
1/17/14 8:05,31,36.04867017,24.8795654
1/17/14 8:05,31,36.04862365,24.87957692
1/17/14 8:05,31,36.04857093,24.87957619
1/17/14 8:05,31,36.04852182,24.87957672
1/17/14 8:05,31,36.04847092,24.87956822
1/17/14 8:05,31,36.04842425,24.87956812
1/17/14 8:06,31,36.04838421,24.87957124
1/17/14 8:06,31,36.04833053,24.87956759
1/17/14 8:06,31,36.04828417,24.87957537
1/17/14 8:06,31,36.048228,24.87956783
1/17/14 8:06,31,36.04817341,24.8795762
1/17/14 8:06,31,36.04812705,24.87957089
1/17/14 8:06,31,36.04807666,24.87956759
1/17/14 8:06,31,36.0480214,24.87956875
1/17/14 8:06,31,36.04802796,24.87956954
1/17/14 12:15,31,36.04802525,24.87957551
1/17/14 12:15,31,36.048116,24.87956903
1/17/14 12:15,31,36.04820451,24.87957219
1/17/14 12:15,31,36.0482956,24.87957877
1/17/14 12:15,31,36.04846023,24.87957497
1/17/14 12:15,31,36.04854867,24.87956769
1/17/14 12:15,31,36.04863152,24.87956754
1/17/14 12:15,31,36.04872905,24.87957559
1/17/14 12:15,31,36.04881546,24.87956614
1/17/14 12:15,31,36.04889645,24.87957185
1/17/14 12:15,31,36.04898842,24.87958182
1/17/14 12:15,31,36.04907822,24.87958261
1/17/14 12:15,31,36.04917058,24.87957261
1/17/14 12:15,31,36.04924442,24.87957249
1/17/14 12:15,31,36.04934391,24.87956851
1/17/14 12:15,31,36.04942525,24.87956501
1/17/14 12:15,31,36.04951693,24.87957884
1/17/14 12:15,31,36.04959474,24.87957212
1/17/14 12:15,31,36.0496907,24.87956592
1/17/14 12:15,31,36.04977694,24.87957353
1/17/14 12:15,31,36.04985308,24.87957473
1/17/14 12:15,31,36.04995192,24.8795778
1/17/14 12:15,31,36.05003351,24.87957679
1/17/14 12:15,31,36.05011834,24.87956725
1/17/14 12:15,31,36.05021937,24.87957735
1/17/14 12:15,31,36.05030282,24.87958241
1/17/14 12:15,31,36.0503969,24.87957957
1/17/14 12:15,31,36.05048437,24.87957835
1/17/14 12:15,31,36.05055441,24.87956826
1/17/14 12:15,31,36.05064737,24.87956857
1/17/14 12:15,31,36.05073571,24.87957416
1/17/14 12:15,31,36.05081842,24.87957675
1/17/14 12:15,31,36.05091246,24.87958275
1/17/14 12:15,31,36.05100393,24.8795701
1/17/14 12:15,31,36.05104539,24.87945368
1/17/14 12:15,31,36.051024,24.87935372
1/17/14 12:15,31,36.05104008,24.87926731
1/17/14 12:15,31,36.05104084,24.8791808
1/17/14 12:15,31,36.05103535,24.87909359
1/17/14 12:15,31,36.05104706,24.878995
1/17/14 12:15,31,36.05103568,24.87890369
1/17/14 12:15,31,36.05102823,24.8787395
1/17/14 12:15,31,36.05103261,24.87856728
1/17/14 12:15,31,36.05102428,24.87848153
1/17/14 12:15,31,36.05102278,24.87838026
1/17/14 12:15,31,36.05102959,24.878312
1/17/14 12:15,31,36.05103668,24.87813555
1/17/14 12:15,31,36.05103084,24.8780336
1/17/14 12:15,31,36.05102197,24.87779276
1/17/14 12:15,31,36.05104076,24.87768308
1/17/14 12:15,31,36.05102105,24.87761517
1/17/14 12:15,31,36.05104227,24.87752442
1/17/14 12:15,31,36.05102526,24.87744658
1/17/14 12:16,31,36.05103892,24.87735792
1/17/14 12:16,31,36.0510296,24.87717579
1/17/14 12:16,31,36.05104632,24.877073
1/17/14 12:16,31,36.0510205,24.87691963
1/17/14 12:16,31,36.05104597,24.87681518
1/17/14 12:16,31,36.0510358,24.87674679
1/17/14 12:16,31,36.05103648,24.87664282
1/17/14 12:16,31,36.05106921,24.87657727
1/17/14 12:16,31,36.05113796,24.87658353
1/17/14 12:16,31,36.05133106,24.87656944
1/17/14 12:16,31,36.05139261,24.87658983
1/17/14 12:16,31,36.05148786,24.87658151
1/17/14 12:16,31,36.05175175,24.87659043
1/17/14 12:16,31,36.05182415,24.87657595
1/17/14 12:16,31,36.05202588,24.8765569
1/17/14 12:16,31,36.05209173,24.87655487
1/17/14 12:16,31,36.05217273,24.87656481
1/17/14 12:16,31,36.05227575,24.87654392
1/17/14 12:16,31,36.05235207,24.87652674
1/17/14 12:16,31,36.05246477,24.87653515
1/17/14 12:16,31,36.05254427,24.87653537
1/17/14 12:16,31,36.05260789,24.87651941
1/17/14 12:16,31,36.05279592,24.87648303
1/17/14 12:16,31,36.05287363,24.87645666
1/17/14 12:16,31,36.05297612,24.8764658
1/17/14 12:16,31,36.05304258,24.87641674
1/17/14 12:16,31,36.0531446,24.87639418
1/17/14 12:16,31,36.05322389,24.87639237
1/17/14 12:16,31,36.05328854,24.87634867
1/17/14 12:16,31,36.05337367,24.87634179
1/17/14 12:16,31,36.05356081,24.87628652
1/17/14 12:16,31,36.05361566,24.87625886
1/17/14 12:16,31,36.05372547,24.87621609
1/17/14 12:16,31,36.05381452,24.87618962
1/17/14 12:16,31,36.05389545,24.87620716
1/17/14 12:16,31,36.05399879,24.87618996
1/17/14 12:16,31,36.05404399,24.87619125
1/17/14 12:16,31,36.05412922,24.87620827
1/17/14 12:16,31,36.05424711,24.87620409
1/17/14 12:16,31,36.05433612,24.87620343
1/17/14 12:16,31,36.0544252,24.87617746
1/17/14 12:16,31,36.05448323,24.8761831
1/17/14 12:16,31,36.05466229,24.87616717
1/17/14 12:16,31,36.05475701,24.87620595
1/17/14 12:16,31,36.05483066,24.87619727
1/17/14 12:16,31,36.05493359,24.87618406
1/17/14 12:16,31,36.05502425,24.87620133
1/17/14 12:16,31,36.05509006,24.87621297
1/17/14 12:16,31,36.05520886,24.87618905
1/17/14 12:16,31,36.05528572,24.87617568
1/17/14 12:16,31,36.05538921,24.87616859
1/17/14 12:17,31,36.0554516,24.87619746
1/17/14 12:17,31,36.05556738,24.87616093
1/17/14 12:17,31,36.05562072,24.87620803
1/17/14 12:17,31,36.05571073,24.87620033
1/17/14 12:17,31,36.05571418,24.87612121
1/17/14 12:17,31,36.05571096,24.87599934
1/17/14 12:17,31,36.05571745,24.87585252
1/17/14 12:17,31,36.05573838,24.87575709
1/17/14 12:17,31,36.05572013,24.87564644
1/17/14 12:17,31,36.05571475,24.87560871
1/17/14 12:17,31,36.05574815,24.87551254
1/17/14 12:17,31,36.05573283,24.87543332
1/17/14 12:17,31,36.05571645,24.87513031
1/17/14 12:17,31,36.0557316,24.87504543
1/17/14 12:17,31,36.0557655,24.8749574
1/17/14 12:17,31,36.05572018,24.87486163
1/17/14 12:17,31,36.05574942,24.87477427
1/17/14 12:17,31,36.05572144,24.87470736
1/17/14 12:17,31,36.05573766,24.87463647
1/17/14 12:17,31,36.05577288,24.87447143
1/17/14 12:17,31,36.05572304,24.8743506
1/17/14 12:17,31,36.05576927,24.8742864
1/17/14 12:17,31,36.05576573,24.87419018
1/17/14 12:17,31,36.05572519,24.87407691
1/17/14 12:17,31,36.05575156,24.87402765
1/17/14 12:17,31,36.05572839,24.87392548
1/17/14 12:17,31,36.05575549,24.87386199
1/17/14 12:17,31,36.05576694,24.87375062
1/17/14 12:17,31,36.05574677,24.87365077
1/17/14 12:17,31,36.05574946,24.87359002
1/17/14 12:17,31,36.05573976,24.8733913
1/17/14 12:17,31,36.05575753,24.8733008
1/17/14 12:17,31,36.05575194,24.87320805
1/17/14 12:17,31,36.05575412,24.87297237
1/17/14 12:17,31,36.055725,24.87286004
1/17/14 12:17,31,36.05575062,24.87279478
1/17/14 12:17,31,36.05575097,24.87271472
1/17/14 12:17,31,36.05578309,24.87245787
1/17/14 12:17,31,36.05575445,24.87233251
1/17/14 12:17,31,36.05576075,24.87229661
1/17/14 12:17,31,36.05575737,24.87221551
1/17/14 12:17,31,36.05576262,24.87210576
1/17/14 12:17,31,36.05574316,24.87203168
1/17/14 12:17,31,36.0557827,24.87176291
1/17/14 12:17,31,36.05576225,24.87160018
1/17/14 12:17,31,36.0558132,24.87144057
1/17/14 12:17,31,36.05595919,24.87147577
1/17/14 12:18,31,36.05602098,24.87143527
1/17/14 12:18,31,36.05607722,24.87142345
1/17/14 12:18,31,36.05621814,24.87140694
1/17/14 12:18,31,36.05634964,24.87143373
1/17/14 12:18,31,36.05653814,24.87137768
1/17/14 12:18,31,36.05660854,24.87140402
1/17/14 12:18,31,36.05662196,24.87136895
1/17/14 12:18,31,36.05665287,24.8712732
1/17/14 12:18,31,36.05666966,24.87114974
1/17/14 12:18,31,36.05664274,24.87096055
1/17/14 12:18,31,36.05667384,24.87080488
1/17/14 12:18,31,36.05664821,24.87071353
1/17/14 12:18,31,36.05665131,24.87061222
1/17/14 12:18,31,36.05662213,24.87057525
1/17/14 12:18,31,36.05668153,24.87040374
1/17/14 12:18,31,36.0566803,24.87017031
1/17/14 12:18,31,36.05666171,24.87014151
1/17/14 12:18,31,36.05667739,24.87001142
1/17/14 12:18,31,36.05668152,24.8699442
1/17/14 12:18,31,36.05668214,24.86982676
1/17/14 12:18,31,36.05664021,24.86973324
1/17/14 12:18,31,36.05665277,24.86968312
1/17/14 12:18,31,36.05666063,24.86956083
1/17/14 12:18,31,36.05666743,24.86953181
1/17/14 12:18,31,36.05668709,24.86941448
1/17/14 12:18,31,36.05669209,24.8693493
1/17/14 12:18,31,36.05666535,24.8692864
1/17/14 12:18,31,36.05663012,24.86919311
1/17/14 12:18,31,36.05663164,24.86904738
1/17/14 12:18,31,36.05668059,24.86900297
1/17/14 12:18,31,36.05668096,24.8688484
1/17/14 12:18,31,36.05667703,24.86866038
1/17/14 12:18,31,36.05664449,24.86858822
1/17/14 12:18,31,36.0566341,24.86844457
1/17/14 12:18,31,36.05669817,24.86834631
1/17/14 12:18,31,36.05668443,24.86825854
1/17/14 12:18,31,36.05666531,24.86817948
1/17/14 12:18,31,36.05662715,24.86802317
1/17/14 12:18,31,36.05666766,24.86796908
1/17/14 12:18,31,36.05665922,24.86771816
1/17/14 12:18,31,36.05669078,24.86762272
1/17/14 12:18,31,36.05667001,24.86742574
1/17/14 12:18,31,36.05665428,24.86730632
1/17/14 12:18,31,36.05667863,24.86694253
1/17/14 12:18,31,36.05664899,24.86689851
1/17/14 12:19,31,36.05670324,24.86682873
1/17/14 12:19,31,36.05670051,24.86661295
1/17/14 12:19,31,36.05670342,24.86656378
1/17/14 12:19,31,36.05667116,24.86641736
1/17/14 12:19,31,36.05667983,24.86617111
1/17/14 12:19,31,36.05664177,24.86614999
1/17/14 12:19,31,36.05662245,24.86600552
1/17/14 12:19,31,36.0566486,24.86588231
1/17/14 12:19,31,36.05670228,24.86580514
1/17/14 12:19,31,36.05670038,24.86570181
1/17/14 12:19,31,36.0566749,24.86562291
1/17/14 12:19,31,36.05669306,24.8654797
1/17/14 12:19,31,36.0566511,24.865331
1/17/14 12:19,31,36.05669766,24.86511316
1/17/14 12:19,31,36.05665967,24.86502147
1/17/14 12:19,31,36.05670808,24.86454361
1/17/14 12:19,31,36.05669907,24.86434015
1/17/14 12:19,31,36.05667793,24.86415708
1/17/14 12:19,31,36.05668491,24.86405367
1/17/14 12:19,31,36.05668133,24.86398798
1/17/14 12:19,31,36.05671699,24.86388215
1/17/14 12:19,31,36.05671121,24.8638136
1/17/14 12:19,31,36.05663777,24.86357996
1/17/14 12:19,31,36.05671446,24.86336103
1/17/14 12:19,31,36.05665237,24.86311836
1/17/14 12:19,31,36.05666775,24.86298692
1/17/14 12:19,31,36.05667707,24.86279343
1/17/14 12:19,31,36.05668616,24.86251389
1/17/14 12:19,31,36.05668863,24.86245101
1/17/14 12:19,31,36.0566553,24.86236331
1/17/14 12:19,31,36.05662063,24.86207804
1/17/14 12:19,31,36.05671525,24.862029
1/17/14 12:19,31,36.05666444,24.86190022
1/17/14 12:19,31,36.05662583,24.86173877
1/17/14 12:19,31,36.05670939,24.86170669
1/17/14 12:20,31,36.05664355,24.86156048
1/17/14 12:20,31,36.05664309,24.86138701
1/17/14 12:20,31,36.05669105,24.86108752
1/17/14 12:20,31,36.05666289,24.86075016
1/17/14 12:20,31,36.0566691,24.86039675
1/17/14 12:20,31,36.0566844,24.86026918
1/17/14 12:20,31,36.0566601,24.8597855
1/17/14 12:20,31,36.05663082,24.8595975
1/17/14 12:20,31,36.05674446,24.85954891
1/17/14 12:20,31,36.05682823,24.85947418
1/17/14 12:20,31,36.05709686,24.85949456
1/17/14 12:20,31,36.05718068,24.85947166
1/17/14 12:20,31,36.05716615,24.85952204
1/17/14 12:20,31,36.05750317,24.85953204
1/17/14 12:20,31,36.05761408,24.85955593
1/17/14 12:20,31,36.05760355,24.85953815
1/17/14 12:20,31,36.05777121,24.8594619
1/17/14 12:20,31,36.05791841,24.85947676
1/17/14 12:20,31,36.05805812,24.8594835
1/17/14 12:20,31,36.05810137,24.85950861
1/17/14 12:20,31,36.05846821,24.85943366
1/17/14 12:20,31,36.05844306,24.85938109
1/17/14 12:20,31,36.05844208,24.8592113
1/17/14 12:20,31,36.05848779,24.85916212
1/17/14 12:20,31,36.0585315,24.85862245
1/17/14 12:20,31,36.05852516,24.85860812
1/17/14 12:20,31,36.05851058,24.85851414
1/17/14 12:20,31,36.05858474,24.85837554
1/17/14 12:21,31,36.05857723,24.85801918
1/17/14 12:21,31,36.05862797,24.85783862
1/17/14 12:21,31,36.05861157,24.85784799
1/17/14 12:21,31,36.05855906,24.85760846
1/17/14 12:21,31,36.05861709,24.85734124
1/17/14 12:21,31,36.05863322,24.85725566
1/17/14 12:21,31,36.05853631,24.85715978
1/17/14 12:21,31,36.0585844,24.85662571
1/17/14 12:21,31,36.05860735,24.85655939
1/17/14 12:21,31,36.05885579,24.85653074
1/17/14 12:21,31,36.05893916,24.85654838
1/17/14 12:21,31,36.058993,24.85655148
1/17/14 12:21,31,36.05918815,24.85649479
1/17/14 12:21,31,36.05925265,24.85650692
1/17/14 12:21,31,36.05951231,24.85647452
1/17/14 12:21,31,36.05962574,24.85648171
1/17/14 12:21,31,36.05987008,24.85656226
1/17/14 12:21,31,36.0600174,24.85653752
1/17/14 12:21,31,36.06006111,24.85655098
1/17/14 12:21,31,36.06016053,24.85649787
1/17/14 12:21,31,36.06043004,24.8565438
1/17/14 12:21,31,36.06047691,24.8565217
1/17/14 12:21,31,36.06058318,24.85653727
1/17/14 12:21,31,36.0609304,24.85656368
1/17/14 12:21,31,36.06122752,24.85649217
1/17/14 12:21,31,36.06156257,24.85651358
1/17/14 12:21,31,36.06170373,24.85649463
1/17/14 12:21,31,36.06170755,24.8564304
1/17/14 12:21,31,36.06195821,24.85647124
1/17/14 12:21,31,36.06195327,24.85639467
1/17/14 12:21,31,36.06209642,24.85631437
1/17/14 12:22,31,36.06209804,24.85626837
1/17/14 12:22,31,36.06206803,24.85610853
1/17/14 12:22,31,36.06205043,24.85601793
1/17/14 12:22,31,36.06203702,24.8559119
1/17/14 12:22,31,36.06209095,24.85580891
1/17/14 12:22,31,36.06208495,24.85558483
1/17/14 12:22,31,36.06206977,24.85549508
1/17/14 12:22,31,36.06210692,24.85535774
1/17/14 12:22,31,36.06204712,24.85485653
1/17/14 12:22,31,36.06203759,24.85473547
1/17/14 12:22,31,36.062051,24.85445911
1/17/14 12:22,31,36.062066,24.85403526
1/17/14 12:22,31,36.06209659,24.85396081
1/17/14 12:22,31,36.06208879,24.85373958
1/17/14 12:22,31,36.06208937,24.85368199
1/17/14 12:22,31,36.06203372,24.85351854
1/17/14 12:22,31,36.062074,24.85339855
1/17/14 12:22,31,36.06208229,24.85299338
1/17/14 12:22,31,36.06204336,24.85290474
1/17/14 12:22,31,36.06208179,24.85285541
1/17/14 12:22,31,36.06202906,24.85271289
1/17/14 12:22,31,36.06204873,24.85268302
1/17/14 12:22,31,36.06206328,24.85248911
1/17/14 12:22,31,36.06209026,24.85234532
1/17/14 12:22,31,36.06202303,24.85233901
1/17/14 12:22,31,36.06209582,24.85224108
1/17/14 12:22,31,36.06209533,24.85179831
1/17/14 12:22,31,36.06204425,24.85142738
1/17/14 12:22,31,36.0620567,24.85136597
1/17/14 12:22,31,36.06207514,24.85111214
1/17/14 12:23,31,36.06218295,24.8509697
1/17/14 12:23,31,36.06234512,24.85102461
1/17/14 12:23,31,36.06247809,24.85100023
1/17/14 12:23,31,36.06250443,24.85099148
1/17/14 12:23,31,36.06259542,24.85100582
1/17/14 12:23,31,36.06266608,24.85104919
1/17/14 12:23,31,36.06280016,24.8510078
1/17/14 12:23,31,36.06285602,24.85103526
1/17/14 12:23,31,36.06312857,24.85102159
1/17/14 12:23,31,36.06324003,24.8509701
1/17/14 12:23,31,36.06327056,24.85096692
1/17/14 12:23,31,36.06336069,24.85099664
1/17/14 12:23,31,36.06339284,24.8510097
1/17/14 12:23,31,36.06343218,24.85097225
1/17/14 13:29,31,36.06346345,24.85103141
1/17/14 13:29,31,36.06335087,24.85099789
1/17/14 13:29,31,36.0632994,24.85101835
1/17/14 13:29,31,36.06310804,24.85099747
1/17/14 13:29,31,36.0630473,24.85103752
1/17/14 13:29,31,36.06289141,24.85099542
1/17/14 13:29,31,36.06273842,24.85102444
1/17/14 13:29,31,36.06231803,24.85104002
1/17/14 13:29,31,36.06226998,24.85103267
1/17/14 13:29,31,36.06206539,24.85097548
1/17/14 13:29,31,36.06210515,24.85116877
1/17/14 13:29,31,36.06205687,24.85124792
1/17/14 13:29,31,36.06203133,24.85138955
1/17/14 13:29,31,36.06205213,24.85160702
1/17/14 13:29,31,36.06210448,24.85174834
1/17/14 13:29,31,36.06202704,24.85200609
1/17/14 13:29,31,36.06208021,24.85213125
1/17/14 13:29,31,36.06209464,24.85221684
1/17/14 13:29,31,36.06205206,24.85240935
1/17/14 13:29,31,36.06207986,24.85244467
1/17/14 13:29,31,36.06204769,24.8525584
1/17/14 13:29,31,36.06203448,24.85261884
1/17/14 13:29,31,36.0620539,24.85277175
1/17/14 13:29,31,36.06202293,24.8529283
1/17/14 13:29,31,36.06210257,24.85304242
1/17/14 13:29,31,36.06207834,24.85311272
1/17/14 13:29,31,36.06209915,24.853167
1/17/14 13:29,31,36.06209637,24.85331336
1/17/14 13:29,31,36.06208092,24.85352226
1/17/14 13:29,31,36.0621021,24.853675
1/17/14 13:29,31,36.06209926,24.85382792
1/17/14 13:29,31,36.06202406,24.85386768
1/17/14 13:29,31,36.0620907,24.85398101
1/17/14 13:29,31,36.06202931,24.8540271
1/17/14 13:29,31,36.06209784,24.85423497
1/17/14 13:29,31,36.06204427,24.85435119
1/17/14 13:29,31,36.06205967,24.85439985
1/17/14 13:29,31,36.06205818,24.8547055
1/17/14 13:29,31,36.06204342,24.8547156
1/17/14 13:30,31,36.06205391,24.85493063
1/17/14 13:30,31,36.06202488,24.85508171
1/17/14 13:30,31,36.06209268,24.85529768
1/17/14 13:30,31,36.06207236,24.85539957
1/17/14 13:30,31,36.06206495,24.85545913
1/17/14 13:30,31,36.06205174,24.85581373
1/17/14 13:30,31,36.0620602,24.85602545
1/17/14 13:30,31,36.06212513,24.85621605
1/17/14 13:30,31,36.06211114,24.85636433
1/17/14 13:30,31,36.06204787,24.85639363
1/17/14 13:30,31,36.06190495,24.8564727
1/17/14 13:30,31,36.06184136,24.85650401
1/17/14 13:30,31,36.06152172,24.85647864
1/17/14 13:30,31,36.06103644,24.85653184
1/17/14 13:30,31,36.06094155,24.85655741
1/17/14 13:30,31,36.06073491,24.85649745
1/17/14 13:30,31,36.06044741,24.85649288
1/17/14 13:30,31,36.05994536,24.85646402
1/17/14 13:30,31,36.05973728,24.85646582
1/17/14 13:30,31,36.05954028,24.8565673
1/17/14 13:30,31,36.05948957,24.85650685
1/17/14 13:30,31,36.05914936,24.85649299
1/17/14 13:30,31,36.05908491,24.85656893
1/17/14 13:30,31,36.05898029,24.85649527
1/17/14 13:30,31,36.05888461,24.85650621
1/17/14 13:30,31,36.05883641,24.85653765
1/17/14 13:30,31,36.05878284,24.85648936
1/17/14 13:30,31,36.05870539,24.8565754
1/17/14 13:30,31,36.05859636,24.85647328
1/17/14 13:30,31,36.05854975,24.85662728
1/17/14 13:31,31,36.05858835,24.85667557
1/17/14 13:31,31,36.05852801,24.85700543
1/17/14 13:31,31,36.05863579,24.85698405
1/17/14 13:31,31,36.05861784,24.85732476
1/17/14 13:31,31,36.05856843,24.85742512
1/17/14 13:31,31,36.05862556,24.85750876
1/17/14 13:31,31,36.05862246,24.85771325
1/17/14 13:31,31,36.05860102,24.8578659
1/17/14 13:31,31,36.05857541,24.85794667
1/17/14 13:31,31,36.05859107,24.85807948
1/17/14 13:31,31,36.058526,24.85823288
1/17/14 13:31,31,36.05858097,24.85867005
1/17/14 13:31,31,36.05855687,24.85881659
1/17/14 13:31,31,36.05851713,24.85881527
1/17/14 13:31,31,36.05851861,24.85911133
1/17/14 13:31,31,36.05845769,24.85931422
1/17/14 13:31,31,36.05842437,24.8594004
1/17/14 13:31,31,36.05839187,24.85940325
1/17/14 13:31,31,36.05827931,24.85945613
1/17/14 13:31,31,36.05784932,24.85951776
1/17/14 13:31,31,36.05772197,24.85947731
1/17/14 13:31,31,36.05752115,24.85955385
1/17/14 13:31,31,36.05739763,24.85950215
1/17/14 13:31,31,36.05731068,24.85948476
1/17/14 13:31,31,36.05715991,24.85947263
1/17/14 13:31,31,36.05709044,24.85947544
1/17/14 13:31,31,36.05695971,24.85956202
1/17/14 13:31,31,36.05664349,24.85951559
1/17/14 13:31,31,36.05672875,24.8597164
1/17/14 13:31,31,36.05665503,24.85982069
1/17/14 13:31,31,36.05670109,24.85991297
1/17/14 13:31,31,36.0566302,24.86008343
1/17/14 13:32,31,36.05667524,24.86020984
1/17/14 13:32,31,36.05670803,24.86072882
1/17/14 13:32,31,36.05672593,24.86080903
1/17/14 13:32,31,36.05670515,24.86089929
1/17/14 13:32,31,36.05667938,24.86117225
1/17/14 13:32,31,36.05664123,24.86155675
1/17/14 13:32,31,36.0566979,24.86160924
1/17/14 13:32,31,36.05667519,24.86208322
1/17/14 13:32,31,36.05667568,24.8622066
1/17/14 13:32,31,36.05667788,24.86243836
1/17/14 13:32,31,36.05666193,24.86245748
1/17/14 13:32,31,36.05664,24.8625299
1/17/14 13:32,31,36.05667646,24.86286682
1/17/14 13:32,31,36.05670455,24.86292352
1/17/14 13:32,31,36.05670037,24.86298145
1/17/14 13:32,31,36.05663964,24.8632598
1/17/14 13:32,31,36.05668744,24.86338811
1/17/14 13:32,31,36.0566319,24.86373009
1/17/14 13:32,31,36.05662922,24.863882
1/17/14 13:32,31,36.0567068,24.8640506
1/17/14 13:32,31,36.05669405,24.86409691
1/17/14 13:32,31,36.056687,24.86443552
1/17/14 13:32,31,36.05670842,24.86469758
1/17/14 13:32,31,36.05664465,24.86471241
1/17/14 13:32,31,36.05667144,24.86484194
1/17/14 13:32,31,36.05665836,24.86486304
1/17/14 13:32,31,36.05663009,24.86499546
1/17/14 13:32,31,36.05664984,24.86512188
1/17/14 13:32,31,36.05669981,24.86519465
1/17/14 13:32,31,36.0566574,24.86532687
1/17/14 13:33,31,36.0566341,24.86545673
1/17/14 13:33,31,36.05667178,24.86553639
1/17/14 13:33,31,36.05664408,24.86571505
1/17/14 13:33,31,36.05663551,24.86573783
1/17/14 13:33,31,36.05670758,24.86588303
1/17/14 13:33,31,36.05670074,24.86597182
1/17/14 13:33,31,36.05666228,24.86615587
1/17/14 13:33,31,36.05663675,24.86631374
1/17/14 13:33,31,36.05662243,24.86640645
1/17/14 13:33,31,36.05666324,24.86645217
1/17/14 13:33,31,36.05665773,24.86691959
1/17/14 13:33,31,36.05666207,24.86698063
1/17/14 13:33,31,36.05669046,24.86715719
1/17/14 13:33,31,36.05665843,24.86728858
1/17/14 13:33,31,36.05669311,24.86739265
1/17/14 13:33,31,36.05667107,24.86761282
1/17/14 13:33,31,36.05666064,24.86767211
1/17/14 13:33,31,36.05664927,24.86775065
1/17/14 13:33,31,36.05667601,24.86789246
1/17/14 13:33,31,36.05662415,24.86803688
1/17/14 13:33,31,36.05669099,24.86813505
1/17/14 13:33,31,36.05666454,24.86835837
1/17/14 13:33,31,36.05663588,24.86869012
1/17/14 13:33,31,36.05662173,24.8687075
1/17/14 13:33,31,36.05662291,24.86879211
1/17/14 13:33,31,36.05667664,24.86894538
1/17/14 13:33,31,36.05665497,24.8691721
1/17/14 13:33,31,36.05667884,24.86922589
1/17/14 13:33,31,36.05662466,24.86936622
1/17/14 13:33,31,36.05663928,24.86950078
1/17/14 13:33,31,36.05662506,24.86963885
1/17/14 13:33,31,36.05664442,24.86994483
1/17/14 13:33,31,36.05666355,24.87007733
1/17/14 13:33,31,36.0566246,24.87009864
1/17/14 13:33,31,36.05668833,24.87018653
1/17/14 13:33,31,36.05668507,24.87028767
1/17/14 13:33,31,36.05667996,24.87039362
1/17/14 13:33,31,36.05662998,24.87045578
1/17/14 13:34,31,36.05666046,24.87064777
1/17/14 13:34,31,36.05666854,24.87075547
1/17/14 13:34,31,36.05666755,24.87085296
1/17/14 13:34,31,36.05666528,24.87107508
1/17/14 13:34,31,36.05662365,24.87133588
1/17/14 13:34,31,36.05654199,24.87139746
1/17/14 13:34,31,36.05641299,24.87138606
1/17/14 13:34,31,36.05637017,24.8714391
1/17/14 13:34,31,36.05625489,24.87142735
1/17/14 13:34,31,36.05621038,24.87142713
1/17/14 13:34,31,36.05609659,24.87145949
1/17/14 13:34,31,36.05603568,24.87143329
1/17/14 13:34,31,36.05583209,24.87145427
1/17/14 13:34,31,36.05576769,24.87150524
1/17/14 13:34,31,36.05577794,24.87159601
1/17/14 13:34,31,36.05577013,24.87169303
1/17/14 13:34,31,36.05576755,24.87177773
1/17/14 13:34,31,36.05577023,24.87184527
1/17/14 13:34,31,36.05579485,24.87203885
1/17/14 13:34,31,36.05573474,24.87209235
1/17/14 13:34,31,36.05578144,24.8721709
1/17/14 13:34,31,36.05574464,24.87237825
1/17/14 13:34,31,36.05578388,24.87263736
1/17/14 13:34,31,36.05578359,24.87275324
1/17/14 13:34,31,36.05575698,24.87278389
1/17/14 13:34,31,36.05572279,24.87288994
1/17/14 13:34,31,36.05578024,24.87295608
1/17/14 13:34,31,36.0557788,24.87305943
1/17/14 13:34,31,36.05576428,24.8731808
1/17/14 13:34,31,36.05574107,24.87322318
1/17/14 13:34,31,36.05576419,24.87331971
1/17/14 13:34,31,36.05572205,24.8734896
1/17/14 13:34,31,36.05577405,24.87369787
1/17/14 13:34,31,36.05577574,24.87377939
1/17/14 13:34,31,36.05576347,24.87387128
1/17/14 13:34,31,36.05575255,24.87404078
1/17/14 13:34,31,36.05574603,24.87422825
1/17/14 13:34,31,36.05572098,24.8743174
1/17/14 13:34,31,36.0557479,24.87446414
1/17/14 13:34,31,36.05574234,24.87455127
1/17/14 13:34,31,36.05576951,24.87464808
1/17/14 13:34,31,36.0557391,24.8747162
1/17/14 13:34,31,36.0557358,24.87492526
1/17/14 13:34,31,36.05572792,24.87497815
1/17/14 13:35,31,36.0557657,24.87510267
1/17/14 13:35,31,36.05576418,24.87517432
1/17/14 13:35,31,36.05571502,24.87523452
1/17/14 13:35,31,36.05573544,24.87530805
1/17/14 13:35,31,36.05573527,24.87549403
1/17/14 13:35,31,36.05572671,24.8756036
1/17/14 13:35,31,36.05576198,24.87570243
1/17/14 13:35,31,36.05571918,24.87576567
1/17/14 13:35,31,36.05572334,24.87594679
1/17/14 13:35,31,36.0557372,24.87614088
1/17/14 13:35,31,36.05562022,24.87617232
1/17/14 13:35,31,36.05554097,24.87616793
1/17/14 13:35,31,36.05544248,24.8762089
1/17/14 13:35,31,36.05527045,24.87620452
1/17/14 13:35,31,36.05518851,24.87616567
1/17/14 13:35,31,36.05510261,24.87617306
1/17/14 13:35,31,36.05502242,24.87619292
1/17/14 13:35,31,36.05492332,24.87619746
1/17/14 13:35,31,36.05483158,24.87617587
1/17/14 13:35,31,36.05475427,24.87621132
1/17/14 13:35,31,36.05468225,24.87620558
1/17/14 13:35,31,36.05448923,24.87618953
1/17/14 13:35,31,36.05438291,24.87616919
1/17/14 13:35,31,36.05431991,24.87620209
1/17/14 13:35,31,36.05422843,24.87620196
1/17/14 13:35,31,36.05413287,24.87616987
1/17/14 13:35,31,36.05396501,24.87616702
1/17/14 13:35,31,36.05389174,24.87620324
1/17/14 13:35,31,36.05377413,24.87620141
1/17/14 13:35,31,36.05372648,24.87622181
1/17/14 13:35,31,36.05363853,24.87626894
1/17/14 13:35,31,36.05355326,24.87625849
1/17/14 13:35,31,36.05336081,24.8763206
1/17/14 13:35,31,36.05329909,24.87635821
1/17/14 13:35,31,36.0532119,24.87636521
1/17/14 13:35,31,36.05313794,24.87640342
1/17/14 13:35,31,36.05303985,24.87642743
1/17/14 13:35,31,36.05296042,24.87645663
1/17/14 13:35,31,36.05279747,24.87648134
1/17/14 13:35,31,36.05271454,24.8764856
1/17/14 13:35,31,36.0526139,24.87649921
1/17/14 13:35,31,36.05244727,24.87654471
1/17/14 13:35,31,36.05236459,24.87653574
1/17/14 13:35,31,36.05227071,24.87654387
1/17/14 13:35,31,36.05219289,24.87655902
1/17/14 13:35,31,36.05208733,24.87658218
1/17/14 13:35,31,36.05201034,24.87657374
1/17/14 13:35,31,36.05192538,24.87662289
1/17/14 13:35,31,36.05195351,24.87670342
1/17/14 13:35,31,36.05193267,24.8767689
1/17/14 13:36,31,36.0519446,24.87688209
1/17/14 13:36,31,36.05192281,24.87696658
1/17/14 13:36,31,36.05194,24.87714252
1/17/14 13:36,31,36.05192949,24.87721887
1/17/14 13:36,31,36.05192949,24.87731242
1/17/14 13:36,31,36.05195483,24.87738651
1/17/14 13:36,31,36.05193795,24.87746437
1/17/14 13:36,31,36.05193507,24.87756293
1/17/14 13:36,31,36.05194319,24.87765758
1/17/14 13:36,31,36.05193067,24.87775054
1/17/14 13:36,31,36.05194815,24.87782976
1/17/14 13:36,31,36.05192821,24.87791118
1/17/14 13:36,31,36.05192234,24.87800495
1/17/14 13:36,31,36.05193936,24.87808938
1/17/14 13:36,31,36.0519243,24.87835987
1/17/14 13:36,31,36.05193678,24.87842265
1/17/14 13:36,31,36.05192085,24.87852852
1/17/14 13:36,31,36.05192556,24.87861192
1/17/14 13:36,31,36.0519266,24.87868258
1/17/14 13:36,31,36.051946,24.87888464
1/17/14 13:36,31,36.05192419,24.87895857
1/17/14 13:36,31,36.05192703,24.87903632
1/17/14 13:36,31,36.05194285,24.8791373
1/17/14 13:36,31,36.05192686,24.87920968
1/17/14 13:36,31,36.05193987,24.87930084
1/17/14 13:36,31,36.051941,24.87938455
1/17/14 13:36,31,36.0519446,24.87946913
1/17/14 13:36,31,36.05193921,24.8795616
1/17/14 13:36,31,36.05186561,24.87957371
1/17/14 13:36,31,36.05177597,24.87958727
1/17/14 13:36,31,36.05169862,24.87956748
1/17/14 13:36,31,36.05150702,24.87957848
1/17/14 13:36,31,36.05141276,24.87959006
1/17/14 13:36,31,36.05134014,24.8795721
1/17/14 13:36,31,36.05123728,24.87957106
1/17/14 13:36,31,36.05108371,24.87956513
1/17/14 13:36,31,36.05097777,24.87958556
1/17/14 13:36,31,36.05090364,24.87957849
1/17/14 13:36,31,36.05081335,24.87957652
1/17/14 13:36,31,36.05072072,24.87956746
1/17/14 13:36,31,36.05062746,24.87956889
1/17/14 13:36,31,36.0505469,24.87956893
1/17/14 13:36,31,36.05046308,24.87958432
1/17/14 13:36,31,36.05028895,24.879568
1/17/14 13:36,31,36.05020257,24.87957367
1/17/14 13:36,31,36.05010711,24.87956847
1/17/14 13:36,31,36.05002068,24.87956774
1/17/14 13:36,31,36.04985651,24.87957693
1/17/14 13:36,31,36.0497527,24.87958251
1/17/14 13:36,31,36.04966489,24.87956598
1/17/14 13:36,31,36.04958234,24.87956968
1/17/14 13:36,31,36.04949209,24.87958245
1/17/14 13:37,31,36.04933233,24.87957222
1/17/14 13:37,31,36.04923179,24.8795685
1/17/14 13:37,31,36.04915463,24.87958199
1/17/14 13:37,31,36.04906535,24.8795813
1/17/14 13:37,31,36.04896714,24.8795711
1/17/14 13:37,31,36.04888226,24.87957972
1/17/14 13:37,31,36.04879252,24.87957059
1/17/14 13:37,31,36.04870613,24.87957585
1/17/14 13:37,31,36.04862835,24.87957023
1/17/14 13:37,31,36.04844949,24.87956922
1/17/14 13:37,31,36.0483666,24.87956656
1/17/14 13:37,31,36.04826874,24.87957522
1/17/14 13:37,31,36.04818391,24.87957341
1/17/14 13:37,31,36.04809813,24.87957613
1/17/14 13:37,31,36.04808948,24.87957058
1/17/14 13:37,31,36.04802903,24.87956844
1/17/14 17:29,31,36.04802705,24.8795687
1/17/14 17:29,31,36.04811462,24.87956716
1/17/14 17:29,31,36.04828879,24.87956898
1/17/14 17:29,31,36.04837052,24.87956732
1/17/14 17:29,31,36.04846926,24.87957674
1/17/14 17:29,31,36.04855269,24.87957214
1/17/14 17:29,31,36.04863695,24.87957077
1/17/14 17:29,31,36.04872248,24.87957194
1/17/14 17:29,31,36.04880884,24.87956852
1/17/14 17:29,31,36.04890682,24.87957427
1/17/14 17:29,31,36.04899549,24.87957885
1/17/14 17:29,31,36.04906979,24.87957618
1/17/14 17:29,31,36.0491623,24.8795739
1/17/14 17:29,31,36.04925217,24.87957771
1/17/14 17:29,31,36.04934485,24.8795829
1/17/14 17:29,31,36.04942782,24.87956555
1/17/14 17:29,31,36.04950469,24.87956926
1/17/14 17:29,31,36.04960034,24.87957109
1/17/14 17:29,31,36.04969486,24.8795712
1/17/14 17:29,31,36.04977861,24.87957105
1/17/14 17:29,31,36.04986014,24.87958062
1/17/14 17:29,31,36.04995284,24.87957989
1/17/14 17:29,31,36.05002887,24.87958442
1/17/14 17:29,31,36.05011469,24.87956904
1/17/14 17:29,31,36.05020954,24.87958615
1/17/14 17:29,31,36.05029686,24.87957795
1/17/14 17:29,31,36.05039317,24.87958895
1/17/14 17:29,31,36.05046915,24.87956747
1/17/14 17:29,31,36.05064746,24.87959099
1/17/14 17:29,31,36.05074726,24.87957256
1/17/14 17:29,31,36.05081793,24.87958258
1/17/14 17:29,31,36.05090189,24.87956876
1/17/14 17:29,31,36.05107736,24.87959064
1/17/14 17:29,31,36.05116952,24.87956972
1/17/14 17:29,31,36.05125799,24.87956643
1/17/14 17:29,31,36.05135956,24.87957594
1/17/14 17:29,31,36.05151581,24.87958924
1/17/14 17:29,31,36.05169654,24.87958468
1/17/14 17:29,31,36.05178602,24.87958699
1/17/14 17:29,31,36.05186103,24.87959222
1/17/14 17:29,31,36.05194124,24.87961626
1/17/14 17:29,31,36.05194809,24.87977395
1/17/14 17:29,31,36.05193919,24.87987396
1/17/14 17:29,31,36.05193775,24.87996705
1/17/14 17:29,31,36.05193673,24.88002948
1/17/14 17:29,31,36.05193136,24.88013479
1/17/14 17:29,31,36.05193694,24.88031184
1/17/14 17:29,31,36.0519381,24.88038973
1/17/14 17:29,31,36.05194303,24.88048129
1/17/14 17:29,31,36.05193707,24.88057742
1/17/14 17:29,31,36.05193015,24.88064506
1/17/14 17:29,31,36.05195176,24.88084063
1/17/14 17:30,31,36.05195258,24.88099716
1/17/14 17:30,31,36.05202821,24.88101531
1/17/14 17:30,31,36.05221226,24.88104028
1/17/14 17:30,31,36.05237377,24.88111021
1/17/14 17:30,31,36.05247568,24.88111975
1/17/14 17:30,31,36.0525384,24.88114235
1/17/14 17:30,31,36.05265463,24.88117049
1/17/14 17:30,31,36.05271246,24.8811961
1/17/14 17:30,31,36.05275362,24.8812361
1/17/14 17:30,31,36.05276944,24.88132262
1/17/14 17:30,31,36.05277023,24.88144423
1/17/14 17:30,31,36.05279404,24.88168804
1/17/14 17:30,31,36.05277202,24.88177757
1/17/14 17:30,31,36.05279755,24.88187793
1/17/14 17:30,31,36.05278075,24.88193177
1/17/14 17:30,31,36.05279415,24.88202344
1/17/14 17:30,31,36.05279981,24.88213353
1/17/14 17:30,31,36.05281421,24.88220184
1/17/14 17:30,31,36.05284078,24.88229443
1/17/14 17:30,31,36.05284783,24.88237166
1/17/14 17:30,31,36.05282184,24.88248145
1/17/14 17:30,31,36.05293046,24.88247882
1/17/14 17:30,31,36.05299617,24.88247641
1/17/14 17:30,31,36.05309603,24.88246663
1/17/14 17:30,31,36.0531623,24.88249943
1/17/14 17:30,31,36.05333601,24.88246791
1/17/14 17:30,31,36.05342047,24.88248644
1/17/14 17:30,31,36.05353656,24.88246822
1/17/14 17:30,31,36.05361736,24.88249723
1/17/14 17:30,31,36.05380223,24.88250582
1/17/14 17:30,31,36.0538542,24.88249345
1/17/14 17:30,31,36.05403339,24.88249022
1/17/14 17:30,31,36.05420746,24.88248418
1/17/14 17:30,31,36.05431448,24.88249526
1/17/14 17:30,31,36.05441004,24.88247615
1/17/14 17:30,31,36.05450781,24.88246872
1/17/14 17:30,31,36.05474574,24.88250399
1/17/14 17:30,31,36.05481709,24.88249886
1/17/14 17:30,31,36.05512431,24.88250507
1/17/14 17:30,31,36.05518245,24.88251023
1/17/14 17:30,31,36.05527212,24.88248835
1/17/14 17:30,31,36.05534537,24.88248848
1/17/14 17:30,31,36.05546134,24.8824813
1/17/14 17:30,31,36.05552494,24.88250542
1/17/14 17:30,31,36.05564577,24.88250917
1/17/14 17:30,31,36.05572724,24.88246897
1/17/14 17:31,31,36.05586317,24.88246522
1/17/14 17:31,31,36.05594593,24.88250598
1/17/14 17:31,31,36.05604094,24.88247054
1/17/14 17:31,31,36.05613356,24.882485
1/17/14 17:31,31,36.05621468,24.88247132
1/17/14 17:31,31,36.05631395,24.88248308
1/17/14 17:31,31,36.05669056,24.88247262
1/17/14 17:31,31,36.05676463,24.88245518
1/17/14 17:31,31,36.05686488,24.88246317
1/17/14 17:31,31,36.05710106,24.88244554
1/17/14 17:31,31,36.05726532,24.88243616
1/17/14 17:31,31,36.0573501,24.88241988
1/17/14 17:31,31,36.05745426,24.88238758
1/17/14 17:31,31,36.05760809,24.88237401
1/17/14 17:31,31,36.05791499,24.88243232
1/17/14 17:31,31,36.05816751,24.88245406
1/17/14 17:31,31,36.0582669,24.88246447
1/17/14 17:31,31,36.05835111,24.88247245
1/17/14 17:31,31,36.05842972,24.88251515
1/17/14 17:31,31,36.05881877,24.88249524
1/17/14 17:31,31,36.05899393,24.88251785
1/17/14 17:31,31,36.05910358,24.88252942
1/17/14 17:31,31,36.0591907,24.8825161
1/17/14 17:31,31,36.05928954,24.88249915
1/17/14 17:31,31,36.05938565,24.88248668
1/17/14 17:31,31,36.05944629,24.88248686
1/17/14 17:31,31,36.05968643,24.88248505
1/17/14 17:31,31,36.06000852,24.88248942
1/17/14 17:31,31,36.06012594,24.88249445
1/17/14 17:31,31,36.06035188,24.88249146
1/17/14 17:31,31,36.06041442,24.88247101
1/17/14 17:31,31,36.06051041,24.88246771
1/17/14 17:31,31,36.06066324,24.88248818
1/17/14 17:31,31,36.06069917,24.88263185
1/17/14 17:31,31,36.06065519,24.88268999
1/17/14 17:31,31,36.06064976,24.88277955
1/17/14 17:32,31,36.06068659,24.88305442
1/17/14 17:32,31,36.06069706,24.88338448
1/17/14 17:32,31,36.06071627,24.88346002
1/17/14 17:32,31,36.060762,24.88353676
1/17/14 17:32,31,36.06073462,24.88363051
1/17/14 17:32,31,36.06072582,24.88373166
1/17/14 17:32,31,36.06072118,24.88385851
1/17/14 17:32,31,36.06079198,24.88406028
1/17/14 17:32,31,36.06075294,24.88415165
1/17/14 17:32,31,36.06073466,24.88444789
1/17/14 17:32,31,36.06077158,24.88489812
1/17/14 17:32,31,36.06080128,24.88499508
1/17/14 17:32,31,36.06073848,24.88515069
1/17/14 17:32,31,36.06078803,24.88521576
1/17/14 17:32,31,36.06076723,24.88533498
1/17/14 17:32,31,36.06075127,24.88551689
1/17/14 17:32,31,36.06076791,24.88561214
1/17/14 17:32,31,36.06073573,24.88563389
1/17/14 17:32,31,36.06082747,24.88585142
1/17/14 17:32,31,36.06081532,24.8859154
1/17/14 17:32,31,36.06087619,24.88604436
1/17/14 17:32,31,36.06088072,24.88609583
1/17/14 17:32,31,36.06092387,24.88614501
1/17/14 17:32,31,36.06088531,24.88622018
1/17/14 17:32,31,36.06093104,24.88635405
1/17/14 17:32,31,36.06091179,24.8864492
1/17/14 17:32,31,36.06097061,24.88661864
1/17/14 17:32,31,36.06100232,24.88665551
1/17/14 17:32,31,36.06099986,24.88680431
1/17/14 17:32,31,36.0610735,24.88688959
1/17/14 17:32,31,36.06105311,24.88693602
1/17/14 17:32,31,36.06116745,24.88740854
1/17/14 17:32,31,36.06119245,24.88750126
1/17/14 17:32,31,36.06126611,24.88754415
1/17/14 17:32,31,36.0613343,24.88755471
1/17/14 17:32,31,36.06142395,24.8875748
1/17/14 17:32,31,36.06151162,24.88754348
1/17/14 17:32,31,36.06164832,24.88757401
1/17/14 17:33,31,36.0617798,24.88760875
1/17/14 17:33,31,36.06201825,24.8876655
1/17/14 17:33,31,36.06214592,24.88807931
1/17/14 17:33,31,36.06220533,24.88819983
1/17/14 17:33,31,36.06219416,24.88826133
1/17/14 17:33,31,36.06219171,24.88843158
1/17/14 17:33,31,36.06213412,24.88866982
1/17/14 17:33,31,36.06216874,24.88869019
1/17/14 17:33,31,36.06213834,24.88881686
1/17/14 17:33,31,36.06217999,24.88888861
1/17/14 17:33,31,36.06217667,24.88901174
1/17/14 17:33,31,36.06212539,24.88910601
1/17/14 17:33,31,36.06221074,24.88938599
1/17/14 17:33,31,36.06220787,24.8894844
1/17/14 17:33,31,36.06221231,24.88970065
1/17/14 17:33,31,36.06212457,24.88982869
1/17/14 17:33,31,36.06223184,24.88995042
1/17/14 17:33,31,36.06238887,24.8899955
1/17/14 17:33,31,36.06246266,24.89000877
1/17/14 17:33,31,36.06273902,24.89001173
1/17/14 17:33,31,36.06279595,24.89003088
1/17/14 17:33,31,36.06285268,24.89007642
1/17/14 17:33,31,36.06295506,24.89008371
1/17/14 17:33,31,36.06306895,24.89010621
1/17/14 17:33,31,36.063138,24.89022277
1/17/14 17:33,31,36.06314687,24.89059344
1/17/14 17:33,31,36.06320692,24.89102151
1/17/14 17:33,31,36.06316591,24.89101777
1/17/14 17:33,31,36.06324223,24.89118828
1/17/14 17:33,31,36.06326356,24.89144805
1/17/14 17:33,31,36.06321374,24.89149865
1/17/14 17:33,31,36.06328092,24.89158292
1/17/14 17:33,31,36.06325449,24.8916941
1/17/14 17:34,31,36.06316379,24.89171796
1/17/14 17:34,31,36.06327139,24.89194581
1/17/14 17:34,31,36.06335857,24.89201235
1/17/14 17:34,31,36.06332597,24.89209558
1/17/14 17:34,31,36.06348015,24.89230692
1/17/14 17:34,31,36.06350062,24.89228867
1/17/14 17:34,31,36.06346376,24.89243274
1/17/14 17:34,31,36.06346376,24.892503
1/17/14 17:34,31,36.06341988,24.89256098
1/17/14 17:34,31,36.06341518,24.89263826
1/17/14 17:34,31,36.06341442,24.89273736
1/17/14 17:34,31,36.06330795,24.89289481
1/17/14 17:34,31,36.06325294,24.89300965
1/17/14 17:34,31,36.06331901,24.89307879
1/17/14 17:34,31,36.06321536,24.89321997
1/17/14 17:34,31,36.06325098,24.89329383
1/17/14 17:34,31,36.06316594,24.89337039
1/17/14 17:34,31,36.06331456,24.89350361
1/17/14 17:34,31,36.06331746,24.89347229
1/17/14 17:34,31,36.06344487,24.89353697
1/17/14 17:34,31,36.06350275,24.8935743
1/17/14 17:34,31,36.06378131,24.89354643
1/17/14 17:34,31,36.06417956,24.89349732
1/17/14 17:34,31,36.06434573,24.89353887
1/17/14 17:34,31,36.06465921,24.89347249
1/17/14 17:34,31,36.06531731,24.8935542
1/17/14 17:34,31,36.06576582,24.89350926
1/17/14 17:34,31,36.06593522,24.89356443
1/17/14 17:34,31,36.06605577,24.89355946
1/17/14 17:34,31,36.0662847,24.8935754
1/17/14 17:34,31,36.0662918,24.89354383
1/17/14 17:34,31,36.06643233,24.89348821
1/17/14 17:35,31,36.06664181,24.89354268
1/17/14 17:35,31,36.06703375,24.89358343
1/17/14 17:35,31,36.06712818,24.89350452
1/17/14 17:35,31,36.06729255,24.89363156
1/17/14 17:35,31,36.06744278,24.89362993
1/17/14 17:35,31,36.0677478,24.8935983
1/17/14 17:35,31,36.06792455,24.89361104
1/17/14 17:35,31,36.06821643,24.89364934
1/17/14 17:35,31,36.06842845,24.89363312
1/17/14 17:35,31,36.06888584,24.89360508
1/17/14 17:35,31,36.06894224,24.89363899
1/17/14 17:35,31,36.06912306,24.89364956
1/17/14 17:35,31,36.06923658,24.8935865
1/17/14 17:35,31,36.06947978,24.89359495
1/17/14 17:35,31,36.06947992,24.89364108
1/17/14 17:35,31,36.06952539,24.89375035
1/17/14 17:35,31,36.06950997,24.89395482
1/17/14 17:35,31,36.06950221,24.89406933
1/17/14 17:35,31,36.06956791,24.8941894
1/17/14 17:35,31,36.06948102,24.89420186
1/17/14 17:35,31,36.06953454,24.89436196
1/17/14 17:35,31,36.06957063,24.89460549
1/17/14 17:35,31,36.06956589,24.89487929
1/17/14 17:35,31,36.06959184,24.89500918
1/17/14 17:35,31,36.06968118,24.89526167
1/17/14 17:35,31,36.06987841,24.89514993
1/17/14 17:35,31,36.07000033,24.89517087
1/17/14 17:36,31,36.07019075,24.89518785
1/17/14 17:36,31,36.0702522,24.89516945
1/17/14 17:36,31,36.07054742,24.89512819
1/17/14 17:36,31,36.0705661,24.89520446
1/17/14 17:36,31,36.07064578,24.89522562
1/17/14 17:36,31,36.07066279,24.89520443
1/17/14 17:36,31,36.0707297,24.89520395
1/18/14 12:35,31,36.07064918,24.89524679
1/18/14 12:35,31,36.07057375,24.89514879
1/18/14 12:35,31,36.07055483,24.89518182
1/18/14 12:35,31,36.07034565,24.89511474
1/18/14 12:35,31,36.07014853,24.89517397
1/18/14 12:35,31,36.06956512,24.89526802
1/18/14 12:35,31,36.06946802,24.89522679
1/18/14 12:35,31,36.06935696,24.89521924
1/18/14 12:35,31,36.06929307,24.89520864
1/18/14 12:35,31,36.06921934,24.89516326
1/18/14 12:35,31,36.06908315,24.89517031
1/18/14 12:35,31,36.06910911,24.89522586
1/18/14 12:35,31,36.06886361,24.89514646
1/18/14 12:35,31,36.06871379,24.89509804
1/18/14 12:35,31,36.06850763,24.89509304
1/18/14 12:35,31,36.0684056,24.8951963
1/18/14 12:35,31,36.06834116,24.89511709
1/18/14 12:35,31,36.06828829,24.89519567
1/18/14 12:35,31,36.06793072,24.89519437
1/18/14 12:35,31,36.06784986,24.89515238
1/18/14 12:35,31,36.06770028,24.89522597
1/18/14 12:35,31,36.06767328,24.89517051
1/18/14 12:35,31,36.06752285,24.89522627
1/18/14 12:35,31,36.06743823,24.89514392
1/18/14 12:35,31,36.06736337,24.89518754
1/18/14 12:35,31,36.06699569,24.89520417
1/18/14 12:35,31,36.0666702,24.89513992
1/18/14 12:35,31,36.06660409,24.89510811
1/18/14 12:35,31,36.06636288,24.89509204
1/18/14 12:35,31,36.0661591,24.8951039
1/18/14 12:35,31,36.06609934,24.89515382
1/18/14 12:35,31,36.06605387,24.89513839
1/18/14 12:35,31,36.06581066,24.89515586
1/18/14 12:35,31,36.06556667,24.89511046
1/18/14 12:36,31,36.06554542,24.89510789
1/18/14 12:36,31,36.06538107,24.89521286
1/18/14 12:36,31,36.06520411,24.89523741
1/18/14 12:36,31,36.06494972,24.89523589
1/18/14 12:36,31,36.06466002,24.89553304
1/18/14 12:36,31,36.0645581,24.89577231
1/18/14 12:36,31,36.06454387,24.89617872
1/18/14 12:36,31,36.0644861,24.89623021
1/18/14 12:36,31,36.06450198,24.89631439
1/18/14 12:36,31,36.06443622,24.89639818
1/18/14 12:36,31,36.06436491,24.8965758
1/18/14 12:36,31,36.06437327,24.89667547
1/18/14 12:36,31,36.0643085,24.89681582
1/18/14 12:36,31,36.06416068,24.89678743
1/18/14 12:36,31,36.06411891,24.89679075
1/18/14 12:36,31,36.06394039,24.89682761
1/18/14 12:36,31,36.06393125,24.89677051
1/18/14 12:36,31,36.06367977,24.89680303
1/18/14 12:36,31,36.06359227,24.89684259
1/18/14 12:36,31,36.06317243,24.89681015
1/18/14 12:36,31,36.06310844,24.89698564
1/18/14 12:36,31,36.06305066,24.89719006
1/18/14 12:36,31,36.06292909,24.89726643
1/18/14 12:36,31,36.06291152,24.89740677
1/18/14 12:36,31,36.06293331,24.8974724
1/18/14 12:36,31,36.0628769,24.8975313
1/18/14 12:36,31,36.06275409,24.89774496
1/18/14 12:36,31,36.06267026,24.89826268
1/18/14 12:37,31,36.06253167,24.89853415
1/18/14 12:37,31,36.0624596,24.8988487
1/18/14 12:37,31,36.06242349,24.89881876
1/18/14 12:37,31,36.06229135,24.89872071
1/18/14 12:37,31,36.06222539,24.89867129
1/18/14 12:37,31,36.06199739,24.89850443
1/18/14 12:37,31,36.06176418,24.89829619
1/18/14 12:37,31,36.06173983,24.89826469
1/18/14 12:37,31,36.06169412,24.89823072
1/18/14 12:37,31,36.06161562,24.89852567
1/18/14 12:37,31,36.06163392,24.89858571
1/18/14 12:37,31,36.06160208,24.89861669
1/18/14 12:37,31,36.06149835,24.89878188
1/18/14 12:37,31,36.06148215,24.89879893
1/18/14 12:37,31,36.06147592,24.89891506
1/18/14 12:37,31,36.06139495,24.89910451
1/18/14 12:37,31,36.06135738,24.8991286
1/18/14 12:37,31,36.06137948,24.89922834
1/18/14 12:37,31,36.06133031,24.8992966
1/18/14 12:37,31,36.0613307,24.89949944
1/18/14 12:37,31,36.06112546,24.89942174
1/18/14 12:37,31,36.06104983,24.89938991
1/18/14 12:37,31,36.06098377,24.89940592
1/18/14 12:37,31,36.06099676,24.89925432
1/18/14 12:37,31,36.06080953,24.89916543
1/18/14 12:37,31,36.06078204,24.89916289
1/18/14 12:37,31,36.0607026,24.89909919
1/18/14 12:37,31,36.06055045,24.89909985
1/18/14 12:37,31,36.0603968,24.89892974
1/18/14 12:37,31,36.06032392,24.89924293
1/18/14 12:37,31,36.06024511,24.89938916
1/18/14 12:37,31,36.06014321,24.89957158
1/18/14 12:37,31,36.06022422,24.89955197
1/18/14 12:37,31,36.06011179,24.89987065
1/18/14 12:37,31,36.06009225,24.8999689
1/18/14 12:37,31,36.06006804,24.90006794
1/18/14 12:38,31,36.05976656,24.90002496
1/18/14 12:38,31,36.05959832,24.90001734
1/18/14 12:38,31,36.05945009,24.89992419
1/18/14 12:38,31,36.05937379,24.89985047
1/18/14 12:38,31,36.05936563,24.89987778
1/18/14 12:38,31,36.05928367,24.89974704
1/18/14 12:38,31,36.0591753,24.89973009
1/18/14 12:38,31,36.0590283,24.89963104
1/18/14 12:38,31,36.05899987,24.89960766
1/18/14 12:38,31,36.0587459,24.90027699
1/18/14 12:38,31,36.05858852,24.90068026
1/18/14 12:38,31,36.05852177,24.9008285
1/18/14 12:38,31,36.05852705,24.90098228
1/18/14 12:38,31,36.05843478,24.9011092
1/18/14 12:38,31,36.05847125,24.90117534
1/18/14 12:38,31,36.05840915,24.90140005
1/18/14 12:38,31,36.05813667,24.90189952
1/18/14 12:38,31,36.05819059,24.9019949
1/18/14 12:38,31,36.05805756,24.90230041
1/18/14 12:38,31,36.05800336,24.90230878
1/18/14 12:38,31,36.0579318,24.9022174
1/18/14 12:38,31,36.05777229,24.9020631
1/18/14 12:38,31,36.05767835,24.90203198
1/18/14 12:38,31,36.05755358,24.9020168
1/18/14 12:38,31,36.05738414,24.9018205
1/18/14 12:38,31,36.05721321,24.901804
1/18/14 12:39,31,36.05670496,24.90138288
1/18/14 12:39,31,36.05653254,24.90129131
1/18/14 12:39,31,36.05646764,24.90129267
1/18/14 12:39,31,36.05649831,24.90127572
1/18/14 12:39,31,36.05636031,24.90113882
1/18/14 12:39,31,36.05618854,24.90112505
1/18/14 12:39,31,36.05600902,24.90097821
1/18/14 12:39,31,36.05598607,24.90084617
1/18/14 12:39,31,36.05581167,24.90084342
1/18/14 12:39,31,36.05515546,24.90034006
1/18/14 12:39,31,36.05504119,24.90022886
1/18/14 12:39,31,36.05490793,24.90023981
1/18/14 12:39,31,36.05486504,24.90020899
1/18/14 12:39,31,36.05467885,24.90006226
1/18/14 12:39,31,36.05454143,24.89996966
1/18/14 12:39,31,36.05448611,24.89987966
1/18/14 12:39,31,36.0545194,24.89991391
1/18/14 13:48,31,36.05451633,24.89992893
1/18/14 13:48,31,36.05451022,24.89992355
1/18/14 13:48,31,36.05459754,24.90002045
1/18/14 13:48,31,36.05478639,24.90019408
1/18/14 13:48,31,36.05486589,24.90022957
1/18/14 13:48,31,36.05502529,24.90026476
1/18/14 13:48,31,36.05504208,24.90025362
1/18/14 13:48,31,36.05509151,24.90040764
1/18/14 13:48,31,36.05516471,24.90036502
1/18/14 13:48,31,36.05546955,24.90055922
1/18/14 13:48,31,36.05569423,24.90070167
1/18/14 13:48,31,36.05567516,24.90071499
1/18/14 13:48,31,36.05596686,24.90087638
1/18/14 13:48,31,36.05606114,24.90100264
1/18/14 13:48,31,36.05617478,24.90103779
1/18/14 13:48,31,36.05628639,24.90110162
1/18/14 13:48,31,36.05631,24.90120106
1/18/14 13:48,31,36.05647207,24.90121005
1/18/14 13:48,31,36.05678609,24.90137732
1/18/14 13:48,31,36.0568986,24.90154504
1/18/14 13:48,31,36.05690968,24.90157898
1/18/14 13:48,31,36.05701589,24.90156904
1/18/14 13:48,31,36.05712592,24.90166361
1/18/14 13:48,31,36.05734251,24.90175775
1/18/14 13:48,31,36.05741801,24.9019284
1/18/14 13:48,31,36.05749569,24.9019767
1/18/14 13:48,31,36.05756013,24.90201434
1/18/14 13:48,31,36.05763552,24.90210461
1/18/14 13:48,31,36.05787496,24.90212985
1/18/14 13:48,31,36.05786144,24.90221833
1/18/14 13:48,31,36.05803536,24.90231197
1/18/14 13:48,31,36.05807618,24.90223598
1/18/14 13:48,31,36.05809531,24.90218126
1/18/14 13:48,31,36.05811573,24.9019888
1/18/14 13:48,31,36.05830274,24.90181837
1/18/14 13:48,31,36.0583031,24.90161309
1/18/14 13:48,31,36.05829173,24.90149772
1/18/14 13:49,31,36.05837057,24.90151327
1/18/14 13:49,31,36.05840408,24.90133944
1/18/14 13:49,31,36.05837362,24.90134281
1/18/14 13:49,31,36.05845008,24.90118419
1/18/14 13:49,31,36.05847025,24.90105265
1/18/14 13:49,31,36.05854404,24.90090973
1/18/14 13:49,31,36.05855078,24.90082493
1/18/14 13:49,31,36.05854822,24.90078982
1/18/14 13:49,31,36.05859689,24.90064161
1/18/14 13:49,31,36.05866011,24.90043135
1/18/14 13:49,31,36.0586765,24.90034314
1/18/14 13:49,31,36.05880358,24.89992738
1/18/14 13:49,31,36.05887799,24.89984313
1/18/14 13:49,31,36.05891954,24.89962217
1/18/14 13:49,31,36.05906997,24.89961985
1/18/14 13:49,31,36.0592985,24.89982975
1/18/14 13:49,31,36.05935514,24.89988517
1/18/14 13:49,31,36.05945192,24.89995683
1/18/14 13:49,31,36.05982034,24.9001386
1/18/14 13:49,31,36.05981732,24.90015559
1/18/14 13:49,31,36.05993893,24.90016455
1/18/14 13:49,31,36.06001263,24.90014098
1/18/14 13:49,31,36.06012265,24.89997724
1/18/14 13:49,31,36.06014176,24.89981958
1/18/14 13:49,31,36.06014124,24.89980903
1/18/14 13:49,31,36.06024697,24.89956329
1/18/14 13:49,31,36.06029468,24.8990068
1/18/14 13:49,31,36.06051288,24.89900644
1/18/14 13:49,31,36.06056632,24.89905245
1/18/14 13:49,31,36.06068015,24.89914381
1/18/14 13:49,31,36.06077281,24.89918118
1/18/14 13:50,31,36.06099038,24.89933211
1/18/14 13:50,31,36.06106457,24.8994342
1/18/14 13:50,31,36.06113729,24.89941429
1/18/14 13:50,31,36.06130476,24.89935537
1/18/14 13:50,31,36.06138712,24.89930582
1/18/14 13:50,31,36.06140993,24.89921097
1/18/14 13:50,31,36.0615007,24.89894656
1/18/14 13:50,31,36.06154338,24.89879495
1/18/14 13:50,31,36.06157188,24.89870686
1/18/14 13:50,31,36.06159427,24.89839017
1/18/14 13:50,31,36.06167595,24.89827505
1/18/14 13:50,31,36.06172033,24.89832554
1/18/14 13:50,31,36.06177348,24.89835695
1/18/14 13:50,31,36.06197497,24.89853271
1/18/14 13:50,31,36.06229819,24.89873243
1/18/14 13:50,31,36.06240457,24.89879989
1/18/14 13:50,31,36.06248698,24.89875595
1/18/14 13:50,31,36.06251934,24.8987531
1/18/14 13:50,31,36.06255472,24.8984078
1/18/14 13:50,31,36.06267842,24.89835042
1/18/14 13:50,31,36.06263323,24.89817707
1/18/14 13:50,31,36.06268618,24.89791723
1/18/14 13:50,31,36.06282812,24.897898
1/18/14 13:50,31,36.06276419,24.89779106
1/18/14 13:50,31,36.06282263,24.89758931
1/18/14 13:50,31,36.0629519,24.89737831
1/18/14 13:50,31,36.0630257,24.89727589
1/18/14 13:50,31,36.06302717,24.89720042
1/18/14 13:50,31,36.06322015,24.89684139
1/18/14 13:50,31,36.06328703,24.89687159
1/18/14 13:50,31,36.06358449,24.89681444
1/18/14 13:51,31,36.06428476,24.89677624
1/18/14 13:51,31,36.06443148,24.89643676
1/18/14 13:51,31,36.06450215,24.8963085
1/18/14 13:51,31,36.06457346,24.89581936
1/18/14 13:51,31,36.06456799,24.89574339
1/18/14 13:51,31,36.06464506,24.89570635
1/18/14 13:51,31,36.06467318,24.89559591
1/18/14 13:51,31,36.06468744,24.89549368
1/18/14 13:51,31,36.06468635,24.89544851
1/18/14 13:51,31,36.06467725,24.89541613
1/18/14 13:51,31,36.06489628,24.89523411
1/18/14 13:51,31,36.06500928,24.89517009
1/18/14 13:51,31,36.06506644,24.8952119
1/18/14 13:51,31,36.06519499,24.89522376
1/18/14 13:51,31,36.06519467,24.89514029
1/18/14 13:51,31,36.06536606,24.89516096
1/18/14 13:51,31,36.06538852,24.89518185
1/18/14 13:51,31,36.06570629,24.89514434
1/18/14 13:51,31,36.06606196,24.89516796
1/18/14 13:51,31,36.06622679,24.89508779
1/18/14 13:51,31,36.06685346,24.89517235
1/18/14 13:51,31,36.06682209,24.89508811
1/18/14 13:51,31,36.06699912,24.89515638
1/18/14 13:51,31,36.06717124,24.89516876
1/18/14 13:51,31,36.0673536,24.89524502
1/18/14 13:51,31,36.06750707,24.89524061
1/18/14 13:51,31,36.06755869,24.895194
1/18/14 13:52,31,36.06778481,24.89517921
1/18/14 13:52,31,36.0678957,24.89514811
1/18/14 13:52,31,36.06826828,24.89515662
1/18/14 13:52,31,36.06841852,24.89510069
1/18/14 13:52,31,36.06900814,24.89519206
1/18/14 13:52,31,36.06910945,24.89514017
1/18/14 13:52,31,36.06959406,24.89521427
1/18/14 13:52,31,36.0696247,24.89522137
1/18/14 13:52,31,36.06988371,24.89520763
1/18/14 13:52,31,36.07000098,24.89516081
1/18/14 13:52,31,36.0701399,24.89521355
1/18/14 13:52,31,36.07019588,24.89516172
1/18/14 13:52,31,36.07045882,24.8951862
1/18/14 13:52,31,36.07051101,24.89511791
1/18/14 13:52,31,36.07055787,24.89523191
1/18/14 13:52,31,36.07066468,24.89521968
1/18/14 14:01,31,36.07072848,24.89521084
1/19/14 13:15,31,36.07073741,24.89519635
1/19/14 13:15,31,36.07094423,24.89400454
1/19/14 13:15,31,36.07097008,24.89371228
1/19/14 13:15,31,36.07092575,24.89356112
1/19/14 13:15,31,36.07109113,24.89316438
1/19/14 13:15,31,36.07118386,24.89273136
1/19/14 13:15,31,36.07110098,24.8925527
1/19/14 13:15,31,36.07122191,24.8924421
1/19/14 13:15,31,36.07124583,24.89223767
1/19/14 13:15,31,36.07124298,24.89167975
1/19/14 13:15,31,36.07134946,24.8913027
1/19/14 13:15,31,36.07145262,24.89095168
1/19/14 13:15,31,36.07139302,24.89078041
1/19/14 13:15,31,36.07144774,24.89066819
1/19/14 13:15,31,36.07146746,24.89047271
1/19/14 13:15,31,36.07145267,24.89034474
1/19/14 13:15,31,36.07155683,24.8902691
1/19/14 13:15,31,36.0715911,24.8900788
1/19/14 13:15,31,36.07156625,24.88986814
1/19/14 13:15,31,36.07163529,24.88966726
1/19/14 13:15,31,36.07162451,24.88933045
1/19/14 13:15,31,36.07179464,24.88919345
1/19/14 13:15,31,36.07183361,24.8890872
1/19/14 13:15,31,36.07208327,24.88855346
1/19/14 13:15,31,36.0722469,24.88838236
1/19/14 13:15,31,36.07222039,24.88832391
1/19/14 13:15,31,36.07238331,24.88810103
1/19/14 13:15,31,36.07238066,24.88804096
1/19/14 13:15,31,36.07247761,24.88788643
1/19/14 13:15,31,36.07256308,24.88781169
1/19/14 13:15,31,36.0726707,24.88752684
1/19/14 13:15,31,36.07277956,24.88742612
1/19/14 13:15,31,36.07288704,24.88724443
1/19/14 13:15,31,36.07288597,24.88706948
1/19/14 13:15,31,36.07304849,24.88684555
1/19/14 13:16,31,36.07318001,24.88669537
1/19/14 13:16,31,36.07349416,24.88618851
1/19/14 13:16,31,36.07355397,24.88609475
1/19/14 13:16,31,36.07362944,24.88577172
1/19/14 13:16,31,36.07370918,24.88565979
1/19/14 13:16,31,36.07380022,24.88552359
1/19/14 13:16,31,36.07399336,24.88533497
1/19/14 13:16,31,36.07408377,24.88502965
1/19/14 13:16,31,36.074184,24.88491375
1/19/14 13:16,31,36.07436346,24.88466273
1/19/14 13:16,31,36.07436228,24.88456002
1/19/14 13:16,31,36.0745013,24.88437656
1/19/14 13:16,31,36.07465587,24.88409163
1/19/14 13:16,31,36.07473915,24.88381873
1/19/14 13:16,31,36.07505128,24.88337276
1/19/14 13:16,31,36.07517852,24.88316993
1/19/14 13:16,31,36.07528132,24.88294351
1/19/14 13:16,31,36.07535109,24.8828148
1/19/14 13:16,31,36.0753921,24.88268343
1/19/14 13:16,31,36.07554277,24.88244912
1/19/14 13:16,31,36.07567835,24.88213465
1/19/14 13:16,31,36.0758748,24.88186547
1/19/14 13:16,31,36.075896,24.88179525
1/19/14 13:16,31,36.07600405,24.88166504
1/19/14 13:16,31,36.0763378,24.88110229
1/19/14 13:16,31,36.07671379,24.88033281
1/19/14 13:16,31,36.07687478,24.88007966
1/19/14 13:16,31,36.07696537,24.8799085
1/19/14 13:16,31,36.07705708,24.87982113
1/19/14 13:16,31,36.07712929,24.87968427
1/19/14 13:16,31,36.07717456,24.87958328
1/19/14 13:17,31,36.07760946,24.87877523
1/19/14 13:17,31,36.07774671,24.87850917
1/19/14 13:17,31,36.07782911,24.87838808
1/19/14 13:17,31,36.07799246,24.87812757
1/19/14 13:17,31,36.07807732,24.87795483
1/19/14 13:17,31,36.0781504,24.87782437
1/19/14 13:17,31,36.07825279,24.87757287
1/19/14 13:17,31,36.0783201,24.87747712
1/19/14 13:17,31,36.07842376,24.87731869
1/19/14 13:17,31,36.07851313,24.87722001
1/19/14 13:17,31,36.07858908,24.87706899
1/19/14 13:17,31,36.07861253,24.87691566
1/19/14 13:17,31,36.07872644,24.87682902
1/19/14 13:17,31,36.078777,24.87667446
1/19/14 13:17,31,36.07891479,24.87642907
1/19/14 13:17,31,36.07897729,24.87627627
1/19/14 13:17,31,36.07909971,24.87612518
1/19/14 13:17,31,36.07916837,24.87602268
1/19/14 13:17,31,36.07921767,24.87589756
1/19/14 13:17,31,36.07930646,24.87576555
1/19/14 13:17,31,36.07946196,24.87548296
1/19/14 13:17,31,36.07953802,24.87534942
1/19/14 13:17,31,36.07961095,24.87524417
1/19/14 13:17,31,36.07967738,24.87509889
1/19/14 13:17,31,36.07972567,24.87498476
1/19/14 13:17,31,36.07982532,24.87485398
1/19/14 13:17,31,36.07987394,24.87469788
1/19/14 13:17,31,36.07998183,24.87460598
1/19/14 13:17,31,36.08003584,24.87447475
1/19/14 13:17,31,36.08012313,24.87430878
1/19/14 13:17,31,36.08015526,24.87421585
1/19/14 13:17,31,36.08034143,24.87393725
1/19/14 13:17,31,36.08040612,24.87379969
1/19/14 13:17,31,36.08044666,24.87368371
1/19/14 13:17,31,36.08055564,24.87353989
1/19/14 13:17,31,36.0806137,24.8734202
1/19/14 13:17,31,36.08078979,24.87312974
1/19/14 13:17,31,36.0808321,24.8730327
1/19/14 13:17,31,36.08090264,24.87287036
1/19/14 13:17,31,36.08096395,24.87277583
1/19/14 13:17,31,36.08108175,24.87266086
1/19/14 13:17,31,36.08121142,24.8723483
1/19/14 13:17,31,36.08126057,24.87226365
1/19/14 13:17,31,36.08136922,24.8721074
1/19/14 13:17,31,36.08142332,24.87196935
1/19/14 13:17,31,36.08149107,24.87185686
1/19/14 13:17,31,36.08158248,24.87172971
1/19/14 13:17,31,36.08164047,24.87158641
1/19/14 13:17,31,36.08169966,24.87148413
1/19/14 13:17,31,36.08181159,24.87133579
1/19/14 13:17,31,36.08193713,24.87121754
1/19/14 13:18,31,36.08204117,24.87111555
1/19/14 13:18,31,36.08212888,24.87102734
1/19/14 13:18,31,36.0823122,24.87079706
1/19/14 13:18,31,36.08239804,24.87064101
1/19/14 13:18,31,36.08247834,24.87054113
1/19/14 13:18,31,36.08278261,24.87022469
1/19/14 13:18,31,36.08308948,24.86986905
1/19/14 13:18,31,36.08318019,24.86973969
1/19/14 13:18,31,36.08326942,24.86964847
1/19/14 13:18,31,36.08334317,24.8695448
1/19/14 13:18,31,36.08384314,24.86897732
1/19/14 13:18,31,36.08393845,24.86884611
1/19/14 13:18,31,36.08402704,24.86874361
1/19/14 13:18,31,36.08426373,24.86851283
1/19/14 13:18,31,36.08430372,24.86839856
1/19/14 13:18,31,36.08446027,24.86829185
1/19/14 13:18,31,36.08449801,24.86818775
1/19/14 13:18,31,36.08463636,24.86808225
1/19/14 13:18,31,36.08474124,24.86795104
1/19/14 13:18,31,36.08500013,24.86758271
1/19/14 13:18,31,36.08514331,24.86750349
1/19/14 13:18,31,36.08518753,24.86733455
1/19/14 13:18,31,36.0853788,24.8671058
1/19/14 13:18,31,36.08557141,24.86686417
1/19/14 13:18,31,36.08578808,24.86666402
1/19/14 13:18,31,36.08582104,24.86653586
1/19/14 13:18,31,36.08598217,24.8664095
1/19/14 13:18,31,36.08602431,24.86629787
1/19/14 13:18,31,36.08611637,24.86621453
1/19/14 13:18,31,36.08623548,24.86604642
1/19/14 13:18,31,36.08644408,24.86588119
1/19/14 13:18,31,36.08659741,24.86564089
1/19/14 13:18,31,36.0866955,24.8655371
1/19/14 13:18,31,36.08692849,24.86525884
1/19/14 13:18,31,36.08719441,24.86495575
1/19/14 13:18,31,36.08734775,24.86467017
1/19/14 13:18,31,36.08753676,24.86443205
1/19/14 13:19,31,36.08770246,24.86418636
1/19/14 13:19,31,36.08782984,24.86412056
1/19/14 13:19,31,36.08792019,24.86398668
1/19/14 13:19,31,36.08813372,24.86364124
1/19/14 13:19,31,36.08827715,24.86331336
1/19/14 13:19,31,36.08841769,24.86307296
1/19/14 13:19,31,36.08844016,24.86294728
1/19/14 13:19,31,36.08853314,24.86280808
1/19/14 13:19,31,36.08860422,24.86268072
1/19/14 13:19,31,36.08884241,24.86213906
1/19/14 13:19,31,36.08896079,24.8620185
1/19/14 13:19,31,36.08922712,24.86152735
1/19/14 13:19,31,36.08940818,24.86123043
1/19/14 13:19,31,36.08957123,24.86099742
1/19/14 13:19,31,36.08957939,24.86072773
1/19/14 15:50,31,36.08960361,24.8607611
1/19/14 15:50,31,36.08953898,24.86103397
1/19/14 15:50,31,36.08938934,24.86123966
1/19/14 15:50,31,36.08925918,24.8613542
1/19/14 15:50,31,36.08912723,24.86169618
1/19/14 15:50,31,36.08883137,24.86231142
1/19/14 15:50,31,36.0886844,24.86244143
1/19/14 15:50,31,36.0884369,24.86294558
1/19/14 15:50,31,36.08840768,24.86314547
1/19/14 15:50,31,36.08820203,24.86341197
1/19/14 15:50,31,36.08818628,24.86347524
1/19/14 15:50,31,36.08812115,24.86359696
1/19/14 15:50,31,36.08793744,24.86386194
1/19/14 15:50,31,36.08776372,24.86413107
1/19/14 15:50,31,36.08769335,24.86430222
1/19/14 15:50,31,36.08748227,24.86448114
1/19/14 15:50,31,36.08719285,24.86484437
1/19/14 15:50,31,36.08701426,24.86511024
1/19/14 15:50,31,36.08678176,24.86540436
1/19/14 15:50,31,36.08646271,24.86577653
1/19/14 15:50,31,36.08639787,24.86589277
1/19/14 15:50,31,36.08628059,24.86604123
1/19/14 15:50,31,36.08616718,24.86613832
1/19/14 15:50,31,36.08610346,24.86621219
1/19/14 15:50,31,36.08605239,24.86636349
1/19/14 15:50,31,36.08594762,24.86652202
1/19/14 15:50,31,36.08551103,24.86691893
1/19/14 15:50,31,36.08541249,24.86702792
1/19/14 15:50,31,36.08537804,24.86714572
1/19/14 15:50,31,36.08526826,24.86729662
1/19/14 15:50,31,36.08509582,24.86749333
1/19/14 15:51,31,36.08459216,24.86806791
1/19/14 15:51,31,36.08449604,24.86821032
1/19/14 15:51,31,36.08442586,24.86833538
1/19/14 15:51,31,36.08430409,24.86846609
1/19/14 15:51,31,36.08422932,24.86857455
1/19/14 15:51,31,36.08409072,24.86868778
1/19/14 15:51,31,36.08400495,24.86876431
1/19/14 15:51,31,36.08388815,24.86887288
1/19/14 15:51,31,36.08380064,24.86899558
1/19/14 15:51,31,36.08364898,24.86926099
1/19/14 15:51,31,36.08351298,24.86934067
1/19/14 15:51,31,36.08335626,24.86956205
1/19/14 15:51,31,36.08326243,24.8696639
1/19/14 15:51,31,36.08313421,24.86979658
1/19/14 15:51,31,36.0830088,24.86994714
1/19/14 15:51,31,36.08296856,24.87005002
1/19/14 15:51,31,36.08276466,24.87025921
1/19/14 15:51,31,36.08266924,24.87034443
1/19/14 15:51,31,36.08257108,24.87050873
1/19/14 15:51,31,36.08247603,24.87060639
1/19/14 15:51,31,36.08233281,24.87073009
1/19/14 15:51,31,36.08229623,24.87083996
1/19/14 15:51,31,36.08218637,24.87096574
1/19/14 15:51,31,36.08206182,24.87103899
1/19/14 15:51,31,36.08196257,24.87119627
1/19/14 15:51,31,36.08185432,24.87126713
1/19/14 15:51,31,36.08180738,24.87138969
1/19/14 15:51,31,36.08167503,24.87149145
1/19/14 15:51,31,36.08160115,24.8716292
1/19/14 15:51,31,36.08153019,24.87176532
1/19/14 15:51,31,36.08147865,24.87189784
1/19/14 15:51,31,36.08137306,24.8720489
1/19/14 15:51,31,36.08130118,24.87218178
1/19/14 15:51,31,36.08122984,24.87231947
1/19/14 15:51,31,36.08115049,24.87244211
1/19/14 15:51,31,36.08112202,24.8725649
1/19/14 15:51,31,36.08103156,24.87270171
1/19/14 15:51,31,36.08098202,24.87279932
1/19/14 15:51,31,36.08080873,24.87306777
1/19/14 15:51,31,36.08067009,24.87336103
1/19/14 15:51,31,36.0804968,24.8735848
1/19/14 15:51,31,36.08034676,24.87385847
1/19/14 15:51,31,36.08031463,24.87397663
1/19/14 15:51,31,36.07998827,24.87451018
1/19/14 15:51,31,36.079899,24.8746565
1/19/14 15:51,31,36.07985624,24.87478413
1/19/14 15:51,31,36.0796973,24.87500889
1/19/14 15:51,31,36.07965513,24.87518909
1/19/14 15:51,31,36.07953373,24.87532078
1/19/14 15:52,31,36.0794671,24.8754469
1/19/14 15:52,31,36.07936504,24.87569645
1/19/14 15:52,31,36.07926922,24.87584151
1/19/14 15:52,31,36.07918639,24.87594682
1/19/14 15:52,31,36.07909209,24.87607222
1/19/14 15:52,31,36.07907519,24.87618157
1/19/14 15:52,31,36.07890555,24.87649178
1/19/14 15:52,31,36.07880423,24.87662344
1/19/14 15:52,31,36.07877299,24.87674429
1/19/14 15:52,31,36.07851506,24.87710252
1/19/14 15:52,31,36.07845776,24.87722125
1/19/14 15:52,31,36.0783686,24.87738597
1/19/14 15:52,31,36.07833027,24.87748921
1/19/14 15:52,31,36.07816708,24.87775887
1/19/14 15:52,31,36.07780696,24.87840515
1/19/14 15:52,31,36.07767352,24.87871495
1/19/14 15:52,31,36.07760633,24.87879097
1/19/14 15:52,31,36.07748033,24.87898071
1/19/14 15:52,31,36.0773728,24.87920863
1/19/14 15:52,31,36.07727502,24.87936034
1/19/14 15:52,31,36.07721149,24.87945326
1/19/14 15:52,31,36.07713285,24.87960991
1/19/14 15:52,31,36.07701871,24.87985622
1/19/14 15:52,31,36.07687115,24.88010352
1/19/14 15:52,31,36.0768045,24.88024519
1/19/14 15:52,31,36.07670658,24.88036788
1/19/14 15:52,31,36.07660249,24.8804836
1/19/14 15:52,31,36.07659135,24.88067789
1/19/14 15:52,31,36.07646645,24.88079502
1/19/14 15:52,31,36.07642904,24.88089605
1/19/14 15:52,31,36.07611966,24.88144665
1/19/14 15:52,31,36.07607044,24.8815236
1/19/14 15:52,31,36.07589568,24.88180372
1/19/14 15:52,31,36.0757834,24.88205113
1/19/14 15:52,31,36.07563233,24.88234291
1/19/14 15:52,31,36.07549733,24.88247219
1/19/14 15:52,31,36.07544672,24.88261737
1/19/14 15:52,31,36.07544086,24.88276897
1/19/14 15:52,31,36.07532321,24.88288233
1/19/14 15:52,31,36.07519888,24.88316077
1/19/14 15:53,31,36.07512447,24.88322261
1/19/14 15:53,31,36.07501844,24.88336529
1/19/14 15:53,31,36.07493875,24.8834826
1/19/14 15:53,31,36.07489521,24.88363406
1/19/14 15:53,31,36.07485009,24.88377837
1/19/14 15:53,31,36.07467153,24.88409082
1/19/14 15:53,31,36.07456113,24.88419386
1/19/14 15:53,31,36.0744657,24.88442966
1/19/14 15:53,31,36.07436647,24.88461089
1/19/14 15:53,31,36.07419101,24.88482755
1/19/14 15:53,31,36.0741434,24.88500104
1/19/14 15:53,31,36.07407758,24.88503953
1/19/14 15:53,31,36.07406047,24.88517351
1/19/14 15:53,31,36.07388924,24.88536161
1/19/14 15:53,31,36.07388313,24.88546267
1/19/14 15:53,31,36.0737881,24.88563207
1/19/14 15:53,31,36.07359309,24.88600466
1/19/14 15:53,31,36.07349581,24.88612448
1/19/14 15:53,31,36.07344963,24.88628637
1/19/14 15:53,31,36.07328189,24.88655592
1/19/14 15:53,31,36.07319149,24.88663708
1/19/14 15:53,31,36.07308466,24.88675022
1/19/14 15:53,31,36.07294595,24.88699084
1/19/14 15:53,31,36.07284557,24.88727866
1/19/14 15:53,31,36.07249016,24.88781327
1/19/14 15:53,31,36.07247445,24.88793372
1/19/14 15:53,31,36.07234396,24.88811052
1/19/14 15:53,31,36.07223291,24.8883079
1/19/14 15:53,31,36.0721897,24.8884401
1/19/14 15:53,31,36.0721259,24.88854649
1/19/14 15:53,31,36.07205263,24.88870806
1/19/14 15:53,31,36.0719211,24.88900106
1/19/14 15:53,31,36.07180765,24.88906731
1/19/14 15:53,31,36.07172542,24.88920713
1/19/14 15:53,31,36.07170915,24.88943792
1/19/14 15:53,31,36.07158744,24.88982427
1/19/14 15:53,31,36.07154188,24.89016296
1/19/14 15:53,31,36.07150047,24.89043431
1/19/14 15:53,31,36.07141806,24.89074312
1/19/14 15:53,31,36.07139634,24.89110976
1/19/14 15:54,31,36.071375,24.89126609
1/19/14 15:54,31,36.07123273,24.89245943
1/19/14 15:54,31,36.07120215,24.89260355
1/19/14 15:54,31,36.07107579,24.89273137
1/19/14 15:54,31,36.07102505,24.89316928
1/19/14 15:54,31,36.07094772,24.89362292
1/19/14 15:54,31,36.07094778,24.89379662
1/19/14 15:54,31,36.07081245,24.89475757
1/19/14 15:54,31,36.07075283,24.89485293
1/19/14 15:54,31,36.0706527,24.89514705
1/19/14 15:54,31,36.07066623,24.89517128
1/19/14 18:41,31,36.07062423,24.89517891
1/19/14 18:41,31,36.07029275,24.89511205
1/19/14 18:41,31,36.07014869,24.89511317
1/19/14 18:41,31,36.0699502,24.89524745
1/19/14 18:41,31,36.06984706,24.89520836
1/19/14 18:41,31,36.06969734,24.89526896
1/19/14 18:41,31,36.06971359,24.89521815
1/19/14 18:41,31,36.06954784,24.89526795
1/19/14 18:41,31,36.06947104,24.8951486
1/19/14 18:41,31,36.06933034,24.89520386
1/19/14 18:41,31,36.06919304,24.89517592
1/19/14 18:41,31,36.06911535,24.89514696
1/19/14 18:41,31,36.06904785,24.89514213
1/19/14 18:41,31,36.06891145,24.89520306
1/19/14 18:41,31,36.06876549,24.89514361
1/19/14 18:41,31,36.06850687,24.89518607
1/19/14 18:41,31,36.06837868,24.89510404
1/19/14 18:41,31,36.06791832,24.89518381
1/19/14 18:41,31,36.0675322,24.89525732
1/19/14 18:41,31,36.06747513,24.89516554
1/19/14 18:41,31,36.06730947,24.89519961
1/19/14 18:41,31,36.06719738,24.89521214
1/19/14 18:41,31,36.06703529,24.89512709
1/19/14 18:41,31,36.0668649,24.89511657
1/19/14 18:41,31,36.06667193,24.89509236
1/19/14 18:41,31,36.06649954,24.89512398
1/19/14 18:41,31,36.06633058,24.89516632
1/19/14 18:41,31,36.06632614,24.89516409
1/19/14 18:41,31,36.06613351,24.8951097
1/19/14 18:41,31,36.06588399,24.89507082
1/19/14 18:41,31,36.06572336,24.89515168
1/19/14 18:41,31,36.06561207,24.89513805
1/19/14 18:41,31,36.06561167,24.89512692
1/19/14 18:42,31,36.0655066,24.89514916
1/19/14 18:42,31,36.06543971,24.89515042
1/19/14 18:42,31,36.06527941,24.89514458
1/19/14 18:42,31,36.0650317,24.89523687
1/19/14 18:42,31,36.06486963,24.89522468
1/19/14 18:42,31,36.06482327,24.89524853
1/19/14 18:42,31,36.06471245,24.89532576
1/19/14 18:42,31,36.06473301,24.89549358
1/19/14 18:42,31,36.06467424,24.89559997
1/19/14 18:42,31,36.06463621,24.89571609
1/19/14 18:42,31,36.06455131,24.89594502
1/19/14 18:42,31,36.06449137,24.89607355
1/19/14 18:42,31,36.06446189,24.89615231
1/19/14 18:42,31,36.06444728,24.8962493
1/19/14 18:42,31,36.0643466,24.89645532
1/19/14 18:42,31,36.06440679,24.89657984
1/19/14 18:42,31,36.06431571,24.89666118
1/19/14 18:42,31,36.0642217,24.89682077
1/19/14 18:42,31,36.06408966,24.89679891
1/19/14 18:42,31,36.0637714,24.89686355
1/19/14 18:42,31,36.06369795,24.89680995
1/19/14 18:42,31,36.06366211,24.89687906
1/19/14 18:42,31,36.06349901,24.89684112
1/19/14 18:42,31,36.06332551,24.89677981
1/19/14 18:42,31,36.06324863,24.89684994
1/19/14 18:42,31,36.06312523,24.89700837
1/19/14 18:42,31,36.06296111,24.89725485
1/19/14 18:42,31,36.06293982,24.89742057
1/19/14 18:42,31,36.0627381,24.89788108
1/19/14 18:42,31,36.06261806,24.89824177
1/19/14 18:42,31,36.06262252,24.89832292
1/19/14 18:43,31,36.06261755,24.89843842
1/19/14 18:43,31,36.06254197,24.89859604
1/19/14 18:43,31,36.06254994,24.89865303
1/19/14 18:43,31,36.0624041,24.89878181
1/19/14 18:43,31,36.06234776,24.89878784
1/19/14 18:43,31,36.0620073,24.89842584
1/19/14 18:43,31,36.06191117,24.89843718
1/19/14 18:43,31,36.06182069,24.89838963
1/19/14 18:43,31,36.06161564,24.89837238
1/19/14 18:43,31,36.06168428,24.8984039
1/19/14 18:43,31,36.0616093,24.89855821
1/19/14 18:43,31,36.06156942,24.89863395
1/19/14 18:43,31,36.06156236,24.89869113
1/19/14 18:43,31,36.06142889,24.89899462
1/19/14 18:43,31,36.06142821,24.89902299
1/19/14 18:43,31,36.06131364,24.89920892
1/19/14 18:43,31,36.06126999,24.89944721
1/19/14 18:43,31,36.06125335,24.89949229
1/19/14 18:43,31,36.0610613,24.89943335
1/19/14 18:43,31,36.06107779,24.89936535
1/19/14 18:43,31,36.06088982,24.89930043
1/19/14 18:43,31,36.06047243,24.89905945
1/19/14 18:43,31,36.06039227,24.89895945
1/19/14 18:43,31,36.06037688,24.8990233
1/19/14 18:43,31,36.06035034,24.89916642
1/19/14 18:43,31,36.06027052,24.89921914
1/19/14 18:43,31,36.06024824,24.89937103
1/19/14 18:43,31,36.06024011,24.89938469
1/19/14 18:43,31,36.06021229,24.89950807
1/19/14 18:43,31,36.06015597,24.89977406
1/19/14 18:43,31,36.06003267,24.89987894
1/19/14 18:43,31,36.06007374,24.90002035
1/19/14 18:43,31,36.05996215,24.90017016
1/19/14 18:44,31,36.05989969,24.90019667
1/19/14 18:44,31,36.05989241,24.90012116
1/19/14 18:44,31,36.05981432,24.9000523
1/19/14 18:44,31,36.05943578,24.8999484
1/19/14 18:44,31,36.059454,24.89992114
1/19/14 18:44,31,36.05928799,24.89985949
1/19/14 18:44,31,36.05924199,24.89976825
1/19/14 18:44,31,36.05916496,24.89970212
1/19/14 18:44,31,36.05901277,24.89959399
1/19/14 18:44,31,36.05895263,24.89980199
1/19/14 18:44,31,36.05886807,24.89992656
1/19/14 18:44,31,36.0588079,24.90006475
1/19/14 18:44,31,36.05870105,24.90035234
1/19/14 18:44,31,36.05852241,24.90082454
1/19/14 18:44,31,36.05854481,24.90087416
1/19/14 18:44,31,36.05848739,24.90095209
1/19/14 18:44,31,36.05849254,24.90112213
1/19/14 18:44,31,36.05841924,24.90129728
1/19/14 18:44,31,36.05833971,24.90143425
1/19/14 18:44,31,36.05833984,24.90156086
1/19/14 18:44,31,36.05820982,24.90182854
1/19/14 18:44,31,36.05824909,24.9018672
1/19/14 18:44,31,36.05819609,24.90198831
1/19/14 18:44,31,36.05814143,24.90221601
1/19/14 18:44,31,36.05788139,24.9021163
1/19/14 18:44,31,36.05774107,24.90210137
1/19/14 18:44,31,36.05763593,24.90206147
1/19/14 18:44,31,36.05757367,24.90204941
1/19/14 18:44,31,36.05737685,24.90179505
1/19/14 18:44,31,36.05726961,24.90174337
1/19/14 18:44,31,36.05715391,24.90183102
1/19/14 18:45,31,36.05715192,24.90192027
1/19/14 18:45,31,36.05707691,24.90194606
1/19/14 18:45,31,36.05702286,24.9021227
1/19/14 18:45,31,36.05705001,24.90231018
1/19/14 18:45,31,36.05700872,24.90236073
1/19/14 18:45,31,36.05692578,24.9025889
1/19/14 18:45,31,36.05687221,24.90282322
1/19/14 18:45,31,36.05682762,24.90304442
1/19/14 18:45,31,36.05660251,24.90297514
1/19/14 18:45,31,36.05605636,24.90267348
1/19/14 18:45,31,36.05609173,24.90266936
1/19/14 18:45,31,36.05602262,24.90262967
1/19/14 18:45,31,36.0558256,24.90252186
1/19/14 18:45,31,36.05580186,24.90248831
1/19/14 19:46,31,36.05573638,24.90246659
1/19/14 19:46,31,36.05598992,24.90259278
1/19/14 19:46,31,36.05600346,24.90262456
1/19/14 19:46,31,36.05618732,24.90274591
1/19/14 19:46,31,36.05653388,24.90297466
1/19/14 19:46,31,36.05677377,24.90304466
1/19/14 19:46,31,36.0568323,24.90305504
1/19/14 19:46,31,36.05686725,24.90290161
1/19/14 19:46,31,36.05680097,24.90285283
1/19/14 19:46,31,36.05695723,24.9025644
1/19/14 19:46,31,36.0570089,24.90228395
1/19/14 19:46,31,36.05712587,24.90212373
1/19/14 19:46,31,36.05717596,24.90191002
1/19/14 19:46,31,36.05718361,24.90174284
1/19/14 19:46,31,36.05720336,24.90177517
1/19/14 19:46,31,36.05731497,24.90183443
1/19/14 19:46,31,36.05740131,24.90188374
1/19/14 19:46,31,36.05745318,24.90192595
1/19/14 19:46,31,36.05755364,24.90200302
1/19/14 19:46,31,36.05752923,24.90196788
1/19/14 19:46,31,36.0576672,24.90202841
1/19/14 19:46,31,36.05778192,24.90213195
1/19/14 19:46,31,36.05795229,24.90220792
1/19/14 19:46,31,36.0581339,24.90235389
1/19/14 19:46,31,36.05807861,24.90217385
1/19/14 19:46,31,36.05818716,24.90202271
1/19/14 19:46,31,36.05817737,24.90190407
1/19/14 19:46,31,36.05833186,24.90148268
1/19/14 19:46,31,36.05842885,24.90136521
1/19/14 19:46,31,36.05840326,24.90127351
1/19/14 19:46,31,36.05847358,24.9011796
1/19/14 19:47,31,36.05855032,24.90076538
1/19/14 19:47,31,36.05865232,24.90046526
1/19/14 19:47,31,36.05864495,24.90035884
1/19/14 19:47,31,36.05874059,24.9002841
1/19/14 19:47,31,36.05873943,24.90014252
1/19/14 19:47,31,36.05887931,24.89994908
1/19/14 19:47,31,36.05890444,24.89987964
1/19/14 19:47,31,36.05893033,24.89968828
1/19/14 19:47,31,36.05895543,24.89964811
1/19/14 19:47,31,36.05922039,24.89977673
1/19/14 19:47,31,36.05942289,24.89984609
1/19/14 19:47,31,36.05976548,24.90005383
1/19/14 19:47,31,36.06005121,24.90000336
1/19/14 19:47,31,36.06010369,24.89967785
1/19/14 19:47,31,36.06018652,24.89964215
1/19/14 19:47,31,36.06036719,24.89917123
1/19/14 19:47,31,36.06031779,24.89909756
1/19/14 19:47,31,36.06051131,24.89898143
1/19/14 19:47,31,36.06102182,24.89933445
1/19/14 19:47,31,36.06116563,24.89951415
1/19/14 19:48,31,36.06140961,24.89904979
1/19/14 19:48,31,36.06148575,24.89900547
1/19/14 19:48,31,36.06152264,24.89872179
1/19/14 19:48,31,36.0615158,24.89859745
1/19/14 19:48,31,36.06168846,24.89826646
1/19/14 19:48,31,36.06181221,24.89828811
1/19/14 19:48,31,36.06184991,24.89832687
1/19/14 19:48,31,36.06188239,24.89846575
1/19/14 19:48,31,36.06198772,24.89850953
1/19/14 19:48,31,36.06216113,24.89851294
1/19/14 19:48,31,36.06223928,24.89860482
1/19/14 19:48,31,36.06227048,24.89872446
1/19/14 19:48,31,36.06232079,24.8987449
1/19/14 19:48,31,36.06247823,24.8988716
1/19/14 19:48,31,36.06246926,24.89879318
1/19/14 19:48,31,36.06257185,24.89855277
1/19/14 19:48,31,36.0626272,24.89834562
1/19/14 19:48,31,36.06283245,24.89767082
1/19/14 19:48,31,36.06287243,24.8974706
1/19/14 19:48,31,36.06288536,24.89738755
1/19/14 19:48,31,36.0629289,24.89731991
1/19/14 19:48,31,36.06298115,24.89718018
1/19/14 19:48,31,36.06318964,24.89684938
1/19/14 19:48,31,36.06339198,24.89682134
1/19/14 19:48,31,36.06346707,24.89682533
1/19/14 19:48,31,36.06345884,24.89682163
1/19/14 19:48,31,36.06398875,24.89680111
1/19/14 19:48,31,36.06417113,24.89677569
1/19/14 19:48,31,36.06433816,24.89681831
1/19/14 19:49,31,36.06435697,24.89645616
1/19/14 19:49,31,36.06453864,24.89617466
1/19/14 19:49,31,36.0644747,24.89610473
1/19/14 19:49,31,36.06448552,24.89592646
1/19/14 19:49,31,36.06456195,24.89577409
1/19/14 19:49,31,36.06456808,24.89568522
1/19/14 19:49,31,36.06463228,24.89556739
1/19/14 19:49,31,36.06464898,24.89552088
1/19/14 19:49,31,36.06484834,24.89518248
1/19/14 19:49,31,36.0650814,24.89514063
1/19/14 19:49,31,36.06524481,24.89515562
1/19/14 19:49,31,36.06548707,24.89514274
1/19/14 19:49,31,36.06553135,24.89510797
1/19/14 19:49,31,36.06565623,24.8951254
1/19/14 19:49,31,36.06602593,24.89511034
1/19/14 19:49,31,36.06620034,24.89517944
1/19/14 19:49,31,36.06635091,24.89517426
1/19/14 19:49,31,36.06644161,24.8951429
1/19/14 19:49,31,36.06656063,24.89512997
1/19/14 19:49,31,36.06664112,24.89512634
1/19/14 19:49,31,36.06704396,24.89514416
1/19/14 19:49,31,36.06726271,24.89522863
1/19/14 19:49,31,36.06748522,24.89520979
1/19/14 19:49,31,36.06760896,24.89516657
1/19/14 19:49,31,36.06779516,24.8952048
1/19/14 19:49,31,36.0680442,24.89518237
1/19/14 19:49,31,36.06813333,24.89518997
1/19/14 19:49,31,36.06828438,24.89517379
1/19/14 19:50,31,36.06846482,24.89514649
1/19/14 19:50,31,36.06878626,24.89511727
1/19/14 19:50,31,36.06897908,24.89516606
1/19/14 19:50,31,36.06903812,24.89520824
1/19/14 19:50,31,36.06922347,24.895183
1/19/14 19:50,31,36.06933984,24.89515385
1/19/14 19:50,31,36.06952193,24.8952295
1/19/14 19:50,31,36.0695834,24.89528903
1/19/14 19:50,31,36.06964651,24.89520793
1/19/14 19:50,31,36.06976369,24.89524838
1/19/14 19:50,31,36.06995225,24.89521499
1/19/14 19:50,31,36.0702354,24.89521522
1/19/14 19:50,31,36.07063152,24.89522663
